exposure_id,customer_id,exposure_amount,exposure_class,risk_weight,reporting_date
EXP_00001,CUST_0058,755334.84,Retail,0.75,2026-06-05
EXP_00002,CUST_0072,1901921.47,Defaulted exposures,1.5,2026-06-05
EXP_00003,CUST_0280,1466667.94,Retail,0.75,2026-06-05
EXP_00004,CUST_0048,1201330.38,Corporate,1.0,2026-06-05
EXP_00005,CUST_0288,320477.09,Corporate,1.0,2026-06-05
EXP_00006,CUST_0215,320429.1,Corporate,1.0,2026-06-05
EXP_00007,CUST_0004,125586.39,Corporate,1.0,2026-06-05
EXP_00008,CUST_0080,1733690.53,Corporate,1.0,2026-06-05
EXP_00009,CUST_0048,1206218.87,Sovereigns,0.0,2026-06-05
EXP_00010,CUST_0136,1419064.43,Retail,0.75,2026-06-05
EXP_00011,CUST_0194,50963.14,Retail,0.75,2026-06-05
EXP_00012,CUST_0186,1940120.61,Secured by mortgages,0.35,2026-06-05
EXP_00013,CUST_0117,1666560.86,Institutions,0.5,2026-06-05
EXP_00014,CUST_0052,432554.83,Sovereigns,0.0,2026-06-05
EXP_00015,CUST_0187,371831.68,Corporate,1.0,2026-06-05
EXP_00016,CUST_0137,374974.97,Defaulted exposures,1.5,2026-06-05
EXP_00017,CUST_0088,615442.06,Secured by mortgages,0.35,2026-06-05
EXP_00018,CUST_0195,1054265.3,Institutions,0.5,2026-06-05
EXP_00019,CUST_0286,869570.59,Corporate,1.0,2026-06-05
EXP_00020,CUST_0029,589545.99,Corporate,1.0,2026-06-05
EXP_00021,CUST_0206,1227587.26,Institutions,0.5,2026-06-05
EXP_00022,CUST_0291,287592.78,Defaulted exposures,1.5,2026-06-05
EXP_00023,CUST_0203,591367.85,Defaulted exposures,1.5,2026-06-05
EXP_00024,CUST_0127,739060.07,Defaulted exposures,1.5,2026-06-05
EXP_00025,CUST_0300,917579.27,Sovereigns,0.0,2026-06-05
EXP_00026,CUST_0113,1572500.16,Corporate,1.0,2026-06-05
EXP_00027,CUST_0025,407350.83,Retail,0.75,2026-06-05
EXP_00028,CUST_0217,1033326.53,Secured by mortgages,0.35,2026-06-05
EXP_00029,CUST_0240,1188904.99,Secured by mortgages,0.35,2026-06-05
EXP_00030,CUST_0006,102436.32,Defaulted exposures,1.5,2026-06-05
EXP_00031,CUST_0275,1219014.26,Institutions,0.5,2026-06-05
EXP_00032,CUST_0151,349343.01,Sovereigns,,2026-06-05
EXP_00033,CUST_0135,139452.67,Secured by mortgages,0.35,2026-06-05
EXP_00034,CUST_0055,1898282.22,Defaulted exposures,1.5,2026-06-05
EXP_00035,CUST_0102,1931607.75,Corporate,1.0,2026-06-05
EXP_00036,CUST_0272,1618710.72,Retail,0.75,2026-06-05
EXP_00037,CUST_0058,616181.4,Institutions,0.5,2026-06-05
EXP_00038,CUST_0158,204367.51,Corporate,1.0,2026-06-05
EXP_00039,CUST_0041,1371623.72,Retail,0.75,2026-06-05
EXP_00040,CUST_0273,885903.46,Corporate,1.0,2026-06-05
EXP_00041,CUST_0282,252856.09,Corporate,1.0,2026-06-05
EXP_00042,CUST_0217,995402.05,Corporate,1.0,2026-06-05
EXP_00043,CUST_0103,78433.16,Defaulted exposures,1.5,2026-06-05
EXP_00044,CUST_0192,1819547.6,Sovereigns,0.0,2026-06-05
EXP_00045,CUST_0127,524972.16,Corporate,,2026-06-05
EXP_00046,CUST_0284,1328419.35,Corporate,,2026-06-05
EXP_00047,CUST_0031,630305.04,Corporate,1.0,2026-06-05
EXP_00048,CUST_0170,1044935.36,Retail,0.75,2026-06-05
EXP_00049,CUST_0249,1097953.46,Corporate,1.0,2026-06-05
EXP_00050,CUST_0293,377860.37,Secured by mortgages,0.35,2026-06-05
EXP_00051,CUST_0209,1939473.41,Corporate,1.0,2026-06-05
EXP_00052,CUST_0182,1552514.32,Sovereigns,0.0,2026-06-05
EXP_00053,CUST_0028,1879602.89,Defaulted exposures,1.5,2026-06-05
EXP_00054,CUST_0032,1790706.43,Sovereigns,0.0,2026-06-05
EXP_00055,CUST_0056,1199820.96,Corporate,1.0,2026-06-05
EXP_00056,CUST_0072,1844529.73,Sovereigns,0.0,2026-06-05
EXP_00057,CUST_0039,186100.08,Sovereigns,0.0,2026-06-05
EXP_00058,CUST_0051,400005.9,Retail,0.75,2026-06-05
EXP_00059,CUST_0008,100002.3,Retail,0.75,2026-06-05
EXP_00060,CUST_0086,657407.36,Sovereigns,0.0,2026-06-05
EXP_00061,CUST_0206,783467.81,Retail,,2026-06-05
EXP_00062,CUST_0200,549984.57,Institutions,0.5,2026-06-05
EXP_00063,CUST_0147,1659187.64,Sovereigns,0.0,2026-06-05
EXP_00064,CUST_0285,719939.12,Defaulted exposures,1.5,2026-06-05
EXP_00065,CUST_0152,569059.67,Corporate,1.0,2026-06-05
EXP_00066,CUST_0278,1089965.21,Retail,0.75,2026-06-05
EXP_00067,CUST_0300,290439.21,Sovereigns,0.0,2026-06-05
EXP_00068,CUST_0081,1606371.99,Retail,0.75,2026-06-05
EXP_00069,CUST_0096,158355.78,Retail,0.75,2026-06-05
EXP_00070,CUST_0121,1973905.0,Sovereigns,0.0,2026-06-05
EXP_00071,CUST_0127,1546767.09,Secured by mortgages,0.35,2026-06-05
EXP_00072,CUST_0215,405444.21,Defaulted exposures,1.5,2026-06-05
EXP_00073,CUST_0134,20989.01,Corporate,1.0,2026-06-05
EXP_00074,CUST_0136,1632768.24,Sovereigns,0.0,2026-06-05
EXP_00075,CUST_0235,1416646.11,Institutions,0.5,2026-06-05
EXP_00076,CUST_0005,1460724.26,Sovereigns,0.0,2026-06-05
EXP_00077,CUST_0052,1544827.99,Retail,0.75,2026-06-05
EXP_00078,CUST_0068,157348.86,Institutions,0.5,2026-06-05
EXP_00079,CUST_0190,723346.8,Institutions,0.5,2026-06-05
EXP_00080,CUST_0155,240579.43,Secured by mortgages,0.35,2026-06-05
EXP_00081,CUST_0271,1727575.82,Retail,0.75,2026-06-05
EXP_00082,CUST_0054,1250363.27,Corporate,1.0,2026-06-05
EXP_00083,CUST_0284,668487.07,Corporate,1.0,2026-06-05
EXP_00084,CUST_0176,136481.12,Corporate,1.0,2026-06-05
EXP_00085,CUST_0259,628854.82,Sovereigns,0.0,2026-06-05
EXP_00086,CUST_0027,657114.81,Retail,0.75,2026-06-05
EXP_00087,CUST_0023,1461916.29,Retail,0.75,2026-06-05
EXP_00088,CUST_0135,1278739.37,Corporate,1.0,2026-06-05
EXP_00089,CUST_0219,1775553.36,,0.35,2026-06-05
EXP_00090,CUST_0077,949707.7,Secured by mortgages,0.35,2026-06-05
EXP_00091,CUST_0283,247992.55,Corporate,1.0,2026-06-05
EXP_00092,CUST_0187,1429357.13,Retail,0.75,2026-06-05
EXP_00093,CUST_0128,1523962.25,Defaulted exposures,1.5,2026-06-05
EXP_00094,CUST_0209,1126941.62,Secured by mortgages,0.35,2026-06-05
EXP_00095,CUST_0122,1544224.69,Corporate,1.0,2026-06-05
EXP_00096,CUST_0212,992653.24,Retail,0.75,2026-06-05
EXP_00097,CUST_0211,1050238.33,Defaulted exposures,1.5,2026-06-05
EXP_00098,CUST_0137,860806.63,Corporate,1.0,2026-06-05
EXP_00099,CUST_0020,60584.06,Sovereigns,0.0,2026-06-05
EXP_00100,CUST_0236,224703.94,Institutions,0.5,2026-06-05
EXP_00101,CUST_0117,72544.08,,1.0,2026-06-05
EXP_00102,CUST_0169,1276456.72,Institutions,0.5,2026-06-05
EXP_00103,CUST_0143,635568.4,Institutions,0.5,2026-06-05
EXP_00104,CUST_0275,1022055.68,Institutions,0.5,2026-06-05
EXP_00105,CUST_0134,1816057.28,Corporate,1.0,2026-06-05
EXP_00106,CUST_0020,506091.54,Retail,0.75,2026-06-05
EXP_00107,CUST_0161,826662.02,Sovereigns,0.0,2026-06-05
EXP_00108,CUST_0198,1513546.77,Secured by mortgages,0.35,2026-06-05
EXP_00109,CUST_0224,465308.35,Retail,0.75,2026-06-05
EXP_00110,CUST_0101,163190.02,Institutions,0.5,2026-06-05
EXP_00111,CUST_0170,586605.39,Secured by mortgages,0.35,2026-06-05
EXP_00112,CUST_0154,330830.36,Secured by mortgages,0.35,2026-06-05
EXP_00113,CUST_0207,1860098.33,Defaulted exposures,1.5,2026-06-05
EXP_00114,CUST_0216,1618159.56,Defaulted exposures,1.5,2026-06-05
EXP_00115,CUST_0090,1270473.48,Secured by mortgages,0.35,2026-06-05
EXP_00116,CUST_0001,1744206.57,Institutions,0.5,2026-06-05
EXP_00117,CUST_0297,1609307.43,Secured by mortgages,0.35,2026-06-05
EXP_00118,CUST_0227,381274.42,Defaulted exposures,1.5,2026-06-05
EXP_00119,CUST_0087,1786192.41,Defaulted exposures,1.5,2026-06-05
EXP_00120,CUST_0172,1083291.06,Retail,0.75,2026-06-05
EXP_00121,CUST_0159,1616805.91,Corporate,1.0,2026-06-05
EXP_00122,CUST_0024,1793221.69,Corporate,1.0,2026-06-05
EXP_00123,CUST_0038,642826.92,Sovereigns,0.0,2026-06-05
EXP_00124,CUST_0100,229003.33,Defaulted exposures,1.5,2026-06-05
EXP_00125,CUST_0125,463590.97,Corporate,,2026-06-05
EXP_00126,CUST_0055,859944.5,Sovereigns,0.0,2026-06-05
EXP_00127,CUST_0266,1637849.38,Sovereigns,0.0,2026-06-05
EXP_00128,CUST_0063,1722853.86,Sovereigns,0.0,2026-06-05
EXP_00129,CUST_0272,23834.74,Secured by mortgages,0.35,2026-06-05
EXP_00130,CUST_0227,1026387.13,Secured by mortgages,0.35,2026-06-05
EXP_00131,CUST_0219,840647.9,Secured by mortgages,0.35,2026-06-05
EXP_00132,CUST_0244,451994.54,Sovereigns,0.0,2026-06-05
EXP_00133,CUST_0142,248532.08,Secured by mortgages,0.35,2026-06-05
EXP_00134,CUST_0226,681854.19,Retail,0.75,2026-06-05
EXP_00135,CUST_0172,1886390.31,Institutions,0.5,2026-06-05
EXP_00136,CUST_0078,653173.83,Corporate,1.0,2026-06-05
EXP_00137,CUST_0110,1042393.34,Retail,0.75,2026-06-05
EXP_00138,CUST_0239,1409007.73,Sovereigns,0.0,2026-06-05
EXP_00139,CUST_0200,733622.91,Secured by mortgages,,2026-06-05
EXP_00140,CUST_0295,1943846.34,Sovereigns,0.0,2026-06-05
EXP_00141,CUST_0153,1925270.12,Sovereigns,0.0,2026-06-05
EXP_00142,CUST_0215,511046.77,Secured by mortgages,0.35,2026-06-05
EXP_00143,CUST_0113,999524.53,Sovereigns,0.0,2026-06-05
EXP_00144,CUST_0015,608747.84,Sovereigns,0.0,2026-06-05
EXP_00145,CUST_0208,576832.58,Defaulted exposures,1.5,2026-06-05
EXP_00146,CUST_0066,83405.03,Secured by mortgages,0.35,2026-06-05
EXP_00147,CUST_0289,1223033.02,,1.5,2026-06-05
EXP_00148,CUST_0070,1010331.26,Sovereigns,0.0,2026-06-05
EXP_00149,CUST_0168,112442.71,Corporate,1.0,2026-06-05
EXP_00150,CUST_0195,564506.46,Institutions,0.5,2026-06-05
EXP_00151,CUST_0130,1817449.11,Retail,0.75,2026-06-05
EXP_00152,CUST_0027,486728.16,Institutions,0.5,2026-06-05
EXP_00153,CUST_0021,298340.8,Retail,0.75,2026-06-05
EXP_00154,CUST_0011,984010.99,Secured by mortgages,0.35,2026-06-05
EXP_00155,CUST_0059,1971444.4,Secured by mortgages,0.35,2026-06-05
EXP_00156,CUST_0132,491689.99,Institutions,0.5,2026-06-05
EXP_00157,CUST_0059,1347549.74,Corporate,1.0,2026-06-05
EXP_00158,CUST_0014,1525623.03,Institutions,0.5,2026-06-05
EXP_00159,CUST_0193,482898.71,Sovereigns,0.0,2026-06-05
EXP_00160,CUST_0125,1459150.53,Retail,0.75,2026-06-05
EXP_00161,CUST_0062,741888.43,Secured by mortgages,0.35,2026-06-05
EXP_00162,CUST_0220,1268288.6,Defaulted exposures,1.5,2026-06-05
EXP_00163,CUST_0175,1270724.12,Retail,0.75,2026-06-05
EXP_00164,CUST_0055,1076191.62,Sovereigns,0.0,2026-06-05
EXP_00165,CUST_0236,189676.64,Defaulted exposures,1.5,2026-06-05
EXP_00166,CUST_0268,1672251.97,Defaulted exposures,1.5,2026-06-05
EXP_00167,CUST_0276,648352.33,Sovereigns,0.0,2026-06-05
EXP_00168,CUST_0138,381171.84,Institutions,0.5,2026-06-05
EXP_00169,CUST_0045,91142.53,Institutions,0.5,2026-06-05
EXP_00170,CUST_0238,1185876.96,Secured by mortgages,0.35,2026-06-05
EXP_00171,CUST_0015,1358353.08,Sovereigns,0.0,2026-06-05
EXP_00172,CUST_0109,43009.78,Institutions,0.5,2026-06-05
EXP_00173,CUST_0142,1029065.19,,0.35,2026-06-05
EXP_00174,CUST_0044,460726.59,Corporate,1.0,2026-06-05
EXP_00175,CUST_0124,1293893.85,Defaulted exposures,1.5,2026-06-05
EXP_00176,CUST_0230,356989.19,Retail,0.75,2026-06-05
EXP_00177,CUST_0125,1384966.1,Institutions,0.5,2026-06-05
EXP_00178,CUST_0284,779603.34,Secured by mortgages,0.35,2026-06-05
EXP_00179,CUST_0282,1874092.68,Institutions,0.5,2026-06-05
EXP_00180,CUST_0157,283666.68,Institutions,0.5,2026-06-05
EXP_00181,CUST_0162,688722.04,Retail,0.75,2026-06-05
EXP_00182,CUST_0095,235812.31,Corporate,1.0,2026-06-05
EXP_00183,CUST_0269,1850140.3,Secured by mortgages,0.35,2026-06-05
EXP_00184,CUST_0100,1755905.31,Institutions,0.5,2026-06-05
EXP_00185,CUST_0008,523303.84,Defaulted exposures,1.5,2026-06-05
EXP_00186,CUST_0028,1323368.25,Secured by mortgages,0.35,2026-06-05
EXP_00187,CUST_0252,1636272.18,Retail,0.75,2026-06-05
EXP_00188,CUST_0241,1114849.62,Sovereigns,0.0,2026-06-05
EXP_00189,CUST_0027,1064004.65,Institutions,0.5,2026-06-05
EXP_00190,CUST_0034,491286.06,Sovereigns,0.0,2026-06-05
EXP_00191,CUST_0028,195274.51,Corporate,1.0,2026-06-05
EXP_00192,CUST_0156,1795459.36,Retail,0.75,2026-06-05
EXP_00193,CUST_0214,1801831.93,Secured by mortgages,0.35,2026-06-05
EXP_00194,CUST_0268,1269871.9,Sovereigns,0.0,2026-06-05
EXP_00195,CUST_0220,684669.28,Institutions,0.5,2026-06-05
EXP_00196,CUST_0051,704927.05,Corporate,1.0,2026-06-05
EXP_00197,CUST_0042,1454651.8,Corporate,1.0,2026-06-05
EXP_00198,CUST_0081,1795249.42,Retail,0.75,2026-06-05
EXP_00199,CUST_0241,1775301.98,Institutions,0.5,2026-06-05
EXP_00200,CUST_0145,1561952.34,Defaulted exposures,1.5,2026-06-05
EXP_00201,CUST_0120,1287642.98,Institutions,0.5,2026-06-05
EXP_00202,CUST_0102,177438.53,Sovereigns,0.0,2026-06-05
EXP_00203,CUST_0077,331641.14,Institutions,0.5,2026-06-05
EXP_00204,CUST_0085,1798122.84,Institutions,0.5,2026-06-05
EXP_00205,CUST_0148,1216793.83,Sovereigns,0.0,2026-06-05
EXP_00206,CUST_0207,28302.13,Institutions,0.5,2026-06-05
EXP_00207,CUST_0042,211928.37,Secured by mortgages,0.35,2026-06-05
EXP_00208,CUST_0166,1330368.52,Secured by mortgages,0.35,2026-06-05
EXP_00209,CUST_0295,20072.55,Secured by mortgages,0.35,2026-06-05
EXP_00210,CUST_0138,330008.02,Secured by mortgages,0.35,2026-06-05
EXP_00211,CUST_0241,1101980.24,Secured by mortgages,0.35,2026-06-05
EXP_00212,CUST_0093,1386871.44,Secured by mortgages,0.35,2026-06-05
EXP_00213,CUST_0047,1307402.91,Sovereigns,0.0,2026-06-05
EXP_00214,CUST_0054,456295.93,Corporate,1.0,2026-06-05
EXP_00215,CUST_0148,1427236.65,Defaulted exposures,1.5,2026-06-05
EXP_00216,CUST_0282,482125.68,Retail,0.75,2026-06-05
EXP_00217,CUST_0166,657545.4,Retail,0.75,2026-06-05
EXP_00218,CUST_0264,1495517.9,Retail,0.75,2026-06-05
EXP_00219,CUST_0212,1302769.47,Retail,0.75,2026-06-05
EXP_00220,CUST_0256,1699954.59,Defaulted exposures,1.5,2026-06-05
EXP_00221,CUST_0137,1318649.66,Secured by mortgages,0.35,2026-06-05
EXP_00222,CUST_0249,1140934.12,,0.75,2026-06-05
EXP_00223,CUST_0123,196412.79,Defaulted exposures,1.5,2026-06-05
EXP_00224,CUST_0283,741754.45,Sovereigns,0.0,2026-06-05
EXP_00225,CUST_0059,537752.71,Sovereigns,0.0,2026-06-05
EXP_00226,CUST_0079,495539.39,Sovereigns,0.0,2026-06-05
EXP_00227,CUST_0140,1946291.0,Sovereigns,0.0,2026-06-05
EXP_00228,CUST_0125,792264.47,Sovereigns,0.0,2026-06-05
EXP_00229,CUST_0261,1785172.64,Defaulted exposures,1.5,2026-06-05
EXP_00230,CUST_0142,1265965.87,Sovereigns,0.0,2026-06-05
EXP_00231,CUST_0137,1591674.49,Retail,0.75,2026-06-05
EXP_00232,CUST_0297,1010247.82,Defaulted exposures,1.5,2026-06-05
EXP_00233,CUST_0276,1158038.73,Sovereigns,0.0,2026-06-05
EXP_00234,CUST_0279,990110.21,Sovereigns,0.0,2026-06-05
EXP_00235,CUST_0097,398533.55,Defaulted exposures,1.5,2026-06-05
EXP_00236,CUST_0211,1447679.71,Retail,0.75,2026-06-05
EXP_00237,CUST_0196,568737.0,Sovereigns,0.0,2026-06-05
EXP_00238,CUST_0078,58388.77,Sovereigns,0.0,2026-06-05
EXP_00239,CUST_0170,1294489.87,Retail,0.75,2026-06-05
EXP_00240,CUST_0270,362450.25,,0.0,2026-06-05
EXP_00241,CUST_0080,1881512.58,Retail,0.75,2026-06-05
EXP_00242,CUST_0174,1908317.87,Secured by mortgages,0.35,2026-06-05
EXP_00243,CUST_0169,1830580.14,Defaulted exposures,1.5,2026-06-05
EXP_00244,CUST_0163,746615.81,Defaulted exposures,1.5,2026-06-05
EXP_00245,CUST_0278,40758.67,Retail,0.75,2026-06-05
EXP_00246,CUST_0148,1857353.94,Corporate,1.0,2026-06-05
EXP_00247,CUST_0051,862086.46,Defaulted exposures,1.5,2026-06-05
EXP_00248,CUST_0086,1933643.09,Defaulted exposures,,2026-06-05
EXP_00249,CUST_0167,1927603.75,Retail,0.75,2026-06-05
EXP_00250,CUST_0075,1707488.82,Corporate,1.0,2026-06-05
EXP_00251,CUST_0093,595953.3,Corporate,1.0,2026-06-05
EXP_00252,CUST_0196,776344.48,Secured by mortgages,0.35,2026-06-05
EXP_00253,CUST_0299,1703761.98,Corporate,1.0,2026-06-05
EXP_00254,CUST_0236,640674.79,Institutions,0.5,2026-06-05
EXP_00255,CUST_0239,347290.57,Institutions,0.5,2026-06-05
EXP_00256,CUST_0227,1118034.51,Institutions,0.5,2026-06-05
EXP_00257,CUST_0218,1872948.0,Defaulted exposures,1.5,2026-06-05
EXP_00258,CUST_0102,1395099.3,Sovereigns,0.0,2026-06-05
EXP_00259,CUST_0196,1144421.73,Secured by mortgages,0.35,2026-06-05
EXP_00260,CUST_0152,203381.22,Retail,0.75,2026-06-05
EXP_00261,CUST_0141,1233864.38,Retail,0.75,2026-06-05
EXP_00262,CUST_0026,1980207.16,Secured by mortgages,0.35,2026-06-05
EXP_00263,CUST_0147,288767.19,Corporate,1.0,2026-06-05
EXP_00264,CUST_0098,1041476.01,Secured by mortgages,0.35,2026-06-05
EXP_00265,CUST_0071,1755972.41,Defaulted exposures,1.5,2026-06-05
EXP_00266,CUST_0021,1484129.55,Institutions,0.5,2026-06-05
EXP_00267,CUST_0187,1397061.32,Defaulted exposures,1.5,2026-06-05
EXP_00268,CUST_0168,1407943.33,Defaulted exposures,1.5,2026-06-05
EXP_00269,CUST_0277,725387.39,Institutions,0.5,2026-06-05
EXP_00270,CUST_0085,594247.77,Institutions,0.5,2026-06-05
EXP_00271,CUST_0152,1620628.7,Defaulted exposures,1.5,2026-06-05
EXP_00272,CUST_0240,1622125.66,Retail,0.75,2026-06-05
EXP_00273,CUST_0204,1735473.91,Secured by mortgages,0.35,2026-06-05
EXP_00274,CUST_0008,1827348.7,Institutions,0.5,2026-06-05
EXP_00275,CUST_0135,1027571.37,Secured by mortgages,0.35,2026-06-05
EXP_00276,CUST_0191,1008017.43,Retail,0.75,2026-06-05
EXP_00277,CUST_0288,1598607.41,Institutions,0.5,2026-06-05
EXP_00278,CUST_0033,1303428.22,Defaulted exposures,1.5,2026-06-05
EXP_00279,CUST_0155,1406914.09,Defaulted exposures,1.5,2026-06-05
EXP_00280,CUST_0020,1593627.41,Institutions,0.5,2026-06-05
EXP_00281,CUST_0121,1781110.63,Secured by mortgages,0.35,2026-06-05
EXP_00282,CUST_0277,682610.36,Sovereigns,0.0,2026-06-05
EXP_00283,CUST_0213,757410.08,Defaulted exposures,1.5,2026-06-05
EXP_00284,CUST_0209,197024.06,Institutions,0.5,2026-06-05
EXP_00285,CUST_0228,1160777.48,Sovereigns,0.0,2026-06-05
EXP_00286,CUST_0051,81525.12,Defaulted exposures,1.5,2026-06-05
EXP_00287,CUST_0184,936540.06,Retail,0.75,2026-06-05
EXP_00288,CUST_0063,1089862.82,Sovereigns,0.0,2026-06-05
EXP_00289,CUST_0011,580217.09,Retail,0.75,2026-06-05
EXP_00290,CUST_0065,1185758.19,Secured by mortgages,0.35,2026-06-05
EXP_00291,CUST_0284,70695.5,Corporate,1.0,2026-06-05
EXP_00292,CUST_0120,84322.9,Institutions,0.5,2026-06-05
EXP_00293,CUST_0002,1646975.12,Institutions,0.5,2026-06-05
EXP_00294,CUST_0067,726779.38,Secured by mortgages,0.35,2026-06-05
EXP_00295,CUST_0014,262850.42,,1.0,2026-06-05
EXP_00296,CUST_0122,1049264.09,Secured by mortgages,0.35,2026-06-05
EXP_00297,CUST_0027,1542287.17,Corporate,1.0,2026-06-05
EXP_00298,CUST_0033,439483.84,Sovereigns,0.0,2026-06-05
EXP_00299,CUST_0056,1249552.05,Sovereigns,0.0,2026-06-05
EXP_00300,CUST_0023,179841.46,Defaulted exposures,1.5,2026-06-05
EXP_00301,CUST_0267,112846.63,Institutions,0.5,2026-06-05
EXP_00302,CUST_0032,1067395.72,Sovereigns,0.0,2026-06-05
EXP_00303,CUST_0056,1085863.89,Sovereigns,0.0,2026-06-05
EXP_00304,CUST_0042,1278485.5,Institutions,0.5,2026-06-05
EXP_00305,CUST_0141,1454921.75,Secured by mortgages,0.35,2026-06-05
EXP_00306,CUST_0167,1951945.64,Sovereigns,0.0,2026-06-05
EXP_00307,CUST_0233,1037437.69,Secured by mortgages,0.35,2026-06-05
EXP_00308,CUST_0059,652683.38,Defaulted exposures,1.5,2026-06-05
EXP_00309,CUST_0111,1592420.53,Sovereigns,0.0,2026-06-05
EXP_00310,CUST_0174,548956.18,Sovereigns,0.0,2026-06-05
EXP_00311,CUST_0161,883553.13,Sovereigns,0.0,2026-06-05
EXP_00312,CUST_0079,166128.2,Defaulted exposures,1.5,2026-06-05
EXP_00313,CUST_0044,60447.98,Retail,0.75,2026-06-05
EXP_00314,CUST_0191,1925670.35,Corporate,1.0,2026-06-05
EXP_00315,CUST_0288,1673600.44,Secured by mortgages,0.35,2026-06-05
EXP_00316,CUST_0182,1394988.67,Defaulted exposures,1.5,2026-06-05
EXP_00317,CUST_0027,823816.36,Institutions,0.5,2026-06-05
EXP_00318,CUST_0296,354855.7,Secured by mortgages,0.35,2026-06-05
EXP_00319,CUST_0115,321309.71,Retail,0.75,2026-06-05
EXP_00320,CUST_0059,507983.37,Institutions,0.5,2026-06-05
EXP_00321,CUST_0288,1102961.06,Secured by mortgages,0.35,2026-06-05
EXP_00322,CUST_0014,1432045.89,Secured by mortgages,0.35,2026-06-05
EXP_00323,CUST_0137,1323792.78,Retail,0.75,2026-06-05
EXP_00324,CUST_0159,567068.45,Institutions,0.5,2026-06-05
EXP_00325,CUST_0074,1910181.91,Secured by mortgages,0.35,2026-06-05
EXP_00326,CUST_0016,1478414.86,Retail,0.75,2026-06-05
EXP_00327,CUST_0215,1113164.56,Sovereigns,0.0,2026-06-05
EXP_00328,CUST_0167,1227324.29,Secured by mortgages,0.35,2026-06-05
EXP_00329,CUST_0080,845004.12,Corporate,1.0,2026-06-05
EXP_00330,CUST_0042,502984.67,Institutions,0.5,2026-06-05
EXP_00331,CUST_0227,718385.63,Sovereigns,0.0,2026-06-05
EXP_00332,CUST_0059,1518113.76,Institutions,0.5,2026-06-05
EXP_00333,CUST_0250,38643.04,Secured by mortgages,0.35,2026-06-05
EXP_00334,CUST_0203,240984.55,Secured by mortgages,0.35,2026-06-05
EXP_00335,CUST_0109,101545.26,Corporate,1.0,2026-06-05
EXP_00336,CUST_0062,91050.32,Retail,0.75,2026-06-05
EXP_00337,CUST_0067,1712366.56,Sovereigns,0.0,2026-06-05
EXP_00338,CUST_0287,1410279.14,Defaulted exposures,1.5,2026-06-05
EXP_00339,CUST_0022,953605.92,,0.0,2026-06-05
EXP_00340,CUST_0161,204689.98,Secured by mortgages,0.35,2026-06-05
EXP_00341,CUST_0214,988315.59,Institutions,,2026-06-05
EXP_00342,CUST_0167,952208.82,Corporate,1.0,2026-06-05
EXP_00343,CUST_0186,354671.72,Retail,0.75,2026-06-05
EXP_00344,CUST_0224,873364.78,Secured by mortgages,0.35,2026-06-05
EXP_00345,CUST_0159,803024.42,Defaulted exposures,1.5,2026-06-05
EXP_00346,CUST_0087,1235541.7,Retail,0.75,2026-06-05
EXP_00347,CUST_0262,1273836.37,Corporate,1.0,2026-06-05
EXP_00348,CUST_0076,100154.98,Corporate,1.0,2026-06-05
EXP_00349,CUST_0089,755479.1,Secured by mortgages,0.35,2026-06-05
EXP_00350,CUST_0039,1255461.23,Corporate,1.0,2026-06-05
EXP_00351,CUST_0238,1011241.15,Secured by mortgages,0.35,2026-06-05
EXP_00352,CUST_0290,1714414.78,Defaulted exposures,1.5,2026-06-05
EXP_00353,CUST_0162,1320800.33,Corporate,1.0,2026-06-05
EXP_00354,CUST_0156,334239.51,Institutions,0.5,2026-06-05
EXP_00355,CUST_0038,150431.81,Institutions,0.5,2026-06-05
EXP_00356,CUST_0189,1288414.36,Institutions,0.5,2026-06-05
EXP_00357,CUST_0047,62757.51,Secured by mortgages,0.35,2026-06-05
EXP_00358,CUST_0298,1175693.41,Secured by mortgages,0.35,2026-06-05
EXP_00359,CUST_0022,1881058.18,Sovereigns,0.0,2026-06-05
EXP_00360,CUST_0097,1155193.61,Institutions,0.5,2026-06-05
EXP_00361,CUST_0032,782458.15,Sovereigns,0.0,2026-06-05
EXP_00362,CUST_0176,1290143.55,Defaulted exposures,1.5,2026-06-05
EXP_00363,CUST_0021,921923.25,Corporate,1.0,2026-06-05
EXP_00364,CUST_0269,1095777.41,Secured by mortgages,0.35,2026-06-05
EXP_00365,CUST_0145,1883514.97,Sovereigns,0.0,2026-06-05
EXP_00366,CUST_0027,778344.25,Defaulted exposures,1.5,2026-06-05
EXP_00367,CUST_0049,1922769.22,Secured by mortgages,0.35,2026-06-05
EXP_00368,CUST_0077,1811647.78,Institutions,0.5,2026-06-05
EXP_00369,CUST_0180,399624.36,Institutions,0.5,2026-06-05
EXP_00370,CUST_0201,148028.99,Corporate,1.0,2026-06-05
EXP_00371,CUST_0159,210548.22,Secured by mortgages,0.35,2026-06-05
EXP_00372,CUST_0066,46261.43,Defaulted exposures,1.5,2026-06-05
EXP_00373,CUST_0270,197941.49,Retail,0.75,2026-06-05
EXP_00374,CUST_0186,1369183.48,Retail,0.75,2026-06-05
EXP_00375,CUST_0110,151665.41,Institutions,0.5,2026-06-05
EXP_00376,CUST_0116,644761.5,Corporate,1.0,2026-06-05
EXP_00377,CUST_0052,1691301.87,Secured by mortgages,0.35,2026-06-05
EXP_00378,CUST_0270,56311.15,Retail,0.75,2026-06-05
EXP_00379,CUST_0068,1630792.28,Secured by mortgages,0.35,2026-06-05
EXP_00380,CUST_0085,570891.0,Defaulted exposures,1.5,2026-06-05
EXP_00381,CUST_0122,245148.01,Sovereigns,0.0,2026-06-05
EXP_00382,CUST_0230,1396506.96,Corporate,1.0,2026-06-05
EXP_00383,CUST_0241,1261596.27,Corporate,1.0,2026-06-05
EXP_00384,CUST_0226,1756169.31,Sovereigns,0.0,2026-06-05
EXP_00385,CUST_0258,1472791.38,Secured by mortgages,0.35,2026-06-05
EXP_00386,CUST_0103,1608927.05,Secured by mortgages,0.35,2026-06-05
EXP_00387,CUST_0247,571248.8,Institutions,0.5,2026-06-05
EXP_00388,CUST_0265,363104.69,Retail,0.75,2026-06-05
EXP_00389,CUST_0140,1503723.36,Sovereigns,0.0,2026-06-05
EXP_00390,CUST_0224,1615601.13,Retail,0.75,2026-06-05
EXP_00391,CUST_0231,1981105.23,Institutions,0.5,2026-06-05
EXP_00392,CUST_0203,831109.18,Secured by mortgages,0.35,2026-06-05
EXP_00393,CUST_0042,750315.99,Institutions,0.5,2026-06-05
EXP_00394,CUST_0051,1555061.79,Defaulted exposures,1.5,2026-06-05
EXP_00395,CUST_0071,688199.05,Retail,0.75,2026-06-05
EXP_00396,CUST_0072,1862207.08,Defaulted exposures,1.5,2026-06-05
EXP_00397,CUST_0041,1718241.38,Retail,0.75,2026-06-05
EXP_00398,CUST_0281,863698.11,Defaulted exposures,1.5,2026-06-05
EXP_00399,CUST_0148,1504233.42,Corporate,1.0,2026-06-05
EXP_00400,CUST_0215,1511540.32,Defaulted exposures,1.5,2026-06-05
EXP_00401,CUST_0057,215216.5,Sovereigns,,2026-06-05
EXP_00402,CUST_0264,1806080.28,Secured by mortgages,0.35,2026-06-05
EXP_00403,CUST_0220,1015452.22,Retail,0.75,2026-06-05
EXP_00404,CUST_0214,1654650.36,Corporate,1.0,2026-06-05
EXP_00405,CUST_0185,646898.71,Retail,0.75,2026-06-05
EXP_00406,CUST_0260,1792091.22,,0.35,2026-06-05
EXP_00407,CUST_0023,784511.34,Defaulted exposures,1.5,2026-06-05
EXP_00408,CUST_0009,31566.93,Institutions,0.5,2026-06-05
EXP_00409,CUST_0054,1811710.13,Secured by mortgages,0.35,2026-06-05
EXP_00410,CUST_0023,191660.49,Institutions,0.5,2026-06-05
EXP_00411,CUST_0090,645434.14,Defaulted exposures,1.5,2026-06-05
EXP_00412,CUST_0094,1900623.31,Corporate,1.0,2026-06-05
EXP_00413,CUST_0235,1901708.22,Retail,0.75,2026-06-05
EXP_00414,CUST_0103,1151141.4,Retail,0.75,2026-06-05
EXP_00415,CUST_0204,1267356.05,Secured by mortgages,0.35,2026-06-05
EXP_00416,CUST_0098,902406.59,Institutions,0.5,2026-06-05
EXP_00417,CUST_0170,593489.44,Institutions,0.5,2026-06-05
EXP_00418,CUST_0205,664042.45,Defaulted exposures,1.5,2026-06-05
EXP_00419,CUST_0174,1348311.73,Corporate,1.0,2026-06-05
EXP_00420,CUST_0266,1507225.31,Institutions,0.5,2026-06-05
EXP_00421,CUST_0041,1585242.3,Sovereigns,0.0,2026-06-05
EXP_00422,CUST_0280,1581340.1,Institutions,0.5,2026-06-05
EXP_00423,CUST_0152,191500.15,Institutions,0.5,2026-06-05
EXP_00424,CUST_0086,993896.41,Defaulted exposures,1.5,2026-06-05
EXP_00425,CUST_0181,124541.93,Secured by mortgages,0.35,2026-06-05
EXP_00426,CUST_0030,1103562.48,Retail,0.75,2026-06-05
EXP_00427,CUST_0263,888645.7,Defaulted exposures,1.5,2026-06-05
EXP_00428,CUST_0074,1776531.32,Secured by mortgages,0.35,2026-06-05
EXP_00429,CUST_0065,708320.87,Retail,0.75,2026-06-05
EXP_00430,CUST_0186,242963.36,Sovereigns,0.0,2026-06-05
EXP_00431,CUST_0079,294553.45,Defaulted exposures,1.5,2026-06-05
EXP_00432,CUST_0228,1525406.16,Retail,0.75,2026-06-05
EXP_00433,CUST_0204,1240253.95,Institutions,0.5,2026-06-05
EXP_00434,CUST_0059,211234.13,Retail,0.75,2026-06-05
EXP_00435,CUST_0199,177372.54,Secured by mortgages,0.35,2026-06-05
EXP_00436,CUST_0229,1404928.57,Corporate,1.0,2026-06-05
EXP_00437,CUST_0252,154798.38,Corporate,1.0,2026-06-05
EXP_00438,CUST_0232,1645501.52,Corporate,1.0,2026-06-05
EXP_00439,CUST_0045,1415422.03,Defaulted exposures,1.5,2026-06-05
EXP_00440,CUST_0178,171884.07,Defaulted exposures,1.5,2026-06-05
EXP_00441,CUST_0154,178827.05,Corporate,1.0,2026-06-05
EXP_00442,CUST_0090,1973412.76,Institutions,0.5,2026-06-05
EXP_00443,CUST_0103,754798.88,Corporate,1.0,2026-06-05
EXP_00444,CUST_0185,747577.87,Secured by mortgages,0.35,2026-06-05
EXP_00445,CUST_0283,1627471.14,Corporate,1.0,2026-06-05
EXP_00446,CUST_0159,1895024.67,Sovereigns,0.0,2026-06-05
EXP_00447,CUST_0270,1972142.12,Sovereigns,0.0,2026-06-05
EXP_00448,CUST_0038,1509222.59,Corporate,1.0,2026-06-05
EXP_00449,CUST_0231,758756.58,Sovereigns,0.0,2026-06-05
EXP_00450,CUST_0283,176166.43,Defaulted exposures,1.5,2026-06-05
EXP_00451,CUST_0067,1556522.36,Sovereigns,0.0,2026-06-05
EXP_00452,CUST_0064,1121224.46,Secured by mortgages,0.35,2026-06-05
EXP_00453,CUST_0166,854201.8,Defaulted exposures,1.5,2026-06-05
EXP_00454,CUST_0266,1813645.23,Institutions,0.5,2026-06-05
EXP_00455,CUST_0283,231282.99,Institutions,0.5,2026-06-05
EXP_00456,CUST_0274,990323.96,Retail,0.75,2026-06-05
EXP_00457,CUST_0298,32593.75,Corporate,1.0,2026-06-05
EXP_00458,CUST_0173,942634.68,Secured by mortgages,0.35,2026-06-05
EXP_00459,CUST_0042,122043.52,Retail,0.75,2026-06-05
EXP_00460,CUST_0136,246447.65,Defaulted exposures,1.5,2026-06-05
EXP_00461,CUST_0016,243877.23,Sovereigns,0.0,2026-06-05
EXP_00462,CUST_0155,1301928.5,Sovereigns,0.0,2026-06-05
EXP_00463,CUST_0208,1494629.31,Institutions,0.5,2026-06-05
EXP_00464,CUST_0081,1170903.84,Sovereigns,0.0,2026-06-05
EXP_00465,CUST_0175,1924723.37,Secured by mortgages,0.35,2026-06-05
EXP_00466,CUST_0164,755992.45,Defaulted exposures,1.5,2026-06-05
EXP_00467,CUST_0205,578567.05,Corporate,1.0,2026-06-05
EXP_00468,CUST_0055,1738512.27,Institutions,0.5,2026-06-05
EXP_00469,CUST_0231,454955.72,Corporate,1.0,2026-06-05
EXP_00470,CUST_0197,1926812.85,Secured by mortgages,0.35,2026-06-05
EXP_00471,CUST_0082,34187.4,Institutions,0.5,2026-06-05
EXP_00472,CUST_0098,1940058.87,Corporate,1.0,2026-06-05
EXP_00473,CUST_0256,95888.22,Institutions,0.5,2026-06-05
EXP_00474,CUST_0202,1783374.8,Secured by mortgages,0.35,2026-06-05
EXP_00475,CUST_0299,1060125.21,Institutions,0.5,2026-06-05
EXP_00476,CUST_0241,1985999.94,Institutions,0.5,2026-06-05
EXP_00477,CUST_0221,156855.16,Corporate,1.0,2026-06-05
EXP_00478,CUST_0207,1112170.03,Institutions,0.5,2026-06-05
EXP_00479,CUST_0288,1938912.05,Corporate,1.0,2026-06-05
EXP_00480,CUST_0198,1050964.71,Secured by mortgages,0.35,2026-06-05
EXP_00481,CUST_0061,1262503.29,Corporate,1.0,2026-06-05
EXP_00482,CUST_0174,1394539.89,Secured by mortgages,0.35,2026-06-05
EXP_00483,CUST_0102,914536.72,Secured by mortgages,0.35,2026-06-05
EXP_00484,CUST_0024,1258840.58,Retail,0.75,2026-06-05
EXP_00485,CUST_0243,1172785.48,Secured by mortgages,0.35,2026-06-05
EXP_00486,CUST_0264,1803304.44,Corporate,1.0,2026-06-05
EXP_00487,CUST_0084,100438.3,Sovereigns,0.0,2026-06-05
EXP_00488,CUST_0154,569116.75,Secured by mortgages,0.35,2026-06-05
EXP_00489,CUST_0273,1901318.85,Sovereigns,0.0,2026-06-05
EXP_00490,CUST_0009,1781624.93,Institutions,0.5,2026-06-05
EXP_00491,CUST_0214,916756.94,Secured by mortgages,0.35,2026-06-05
EXP_00492,CUST_0014,1244063.87,Secured by mortgages,0.35,2026-06-05
EXP_00493,CUST_0297,561988.55,Secured by mortgages,0.35,2026-06-05
EXP_00494,CUST_0246,384361.11,Corporate,1.0,2026-06-05
EXP_00495,CUST_0195,932759.83,Corporate,1.0,2026-06-05
EXP_00496,CUST_0294,713170.93,Defaulted exposures,,2026-06-05
EXP_00497,CUST_0161,1171475.66,Sovereigns,0.0,2026-06-05
EXP_00498,CUST_0211,164691.93,Secured by mortgages,0.35,2026-06-05
EXP_00499,CUST_0032,1949045.67,Defaulted exposures,1.5,2026-06-05
EXP_00500,CUST_0167,1972559.38,Defaulted exposures,1.5,2026-06-05
EXP_00501,CUST_0089,1399341.81,Sovereigns,0.0,2026-06-05
EXP_00502,CUST_0182,1076831.77,Defaulted exposures,1.5,2026-06-05
EXP_00503,CUST_0136,625959.96,Secured by mortgages,0.35,2026-06-05
EXP_00504,CUST_0143,1629452.09,Secured by mortgages,0.35,2026-06-05
EXP_00505,CUST_0153,1372615.03,Institutions,0.5,2026-06-05
EXP_00506,CUST_0251,333607.71,Institutions,0.5,2026-06-05
EXP_00507,CUST_0141,1822745.1,Institutions,0.5,2026-06-05
EXP_00508,CUST_0195,1646849.11,Sovereigns,0.0,2026-06-05
EXP_00509,CUST_0075,1900101.83,Institutions,0.5,2026-06-05
EXP_00510,CUST_0041,1454181.82,Institutions,0.5,2026-06-05
EXP_00511,CUST_0246,1230696.24,Corporate,1.0,2026-06-05
EXP_00512,CUST_0288,842303.64,Defaulted exposures,1.5,2026-06-05
EXP_00513,CUST_0123,1866129.68,Corporate,1.0,2026-06-05
EXP_00514,CUST_0116,1733467.14,Defaulted exposures,1.5,2026-06-05
EXP_00515,CUST_0170,99985.15,Defaulted exposures,1.5,2026-06-05
EXP_00516,CUST_0071,62470.28,Retail,0.75,2026-06-05
EXP_00517,CUST_0081,759162.1,Sovereigns,0.0,2026-06-05
EXP_00518,CUST_0244,1623001.13,Sovereigns,0.0,2026-06-05
EXP_00519,CUST_0148,1974679.5,Institutions,0.5,2026-06-05
EXP_00520,CUST_0046,309329.61,Defaulted exposures,1.5,2026-06-05
EXP_00521,CUST_0020,1192320.12,Corporate,1.0,2026-06-05
EXP_00522,CUST_0019,767972.8,Sovereigns,0.0,2026-06-05
EXP_00523,CUST_0149,1940129.65,,0.75,2026-06-05
EXP_00524,CUST_0055,1685816.66,Institutions,0.5,2026-06-05
EXP_00525,CUST_0279,1678274.12,Secured by mortgages,0.35,2026-06-05
EXP_00526,CUST_0259,942699.39,Sovereigns,0.0,2026-06-05
EXP_00527,CUST_0170,835490.81,Corporate,1.0,2026-06-05
EXP_00528,CUST_0096,554080.07,Retail,0.75,2026-06-05
EXP_00529,CUST_0291,122187.24,Defaulted exposures,1.5,2026-06-05
EXP_00530,CUST_0208,1730797.53,Sovereigns,0.0,2026-06-05
EXP_00531,CUST_0049,1627673.01,Corporate,1.0,2026-06-05
EXP_00532,CUST_0128,1999438.17,Retail,0.75,2026-06-05
EXP_00533,CUST_0137,1993307.31,Institutions,0.5,2026-06-05
EXP_00534,CUST_0006,1115309.09,Institutions,0.5,2026-06-05
EXP_00535,CUST_0032,1540284.96,Defaulted exposures,1.5,2026-06-05
EXP_00536,CUST_0208,1890083.8,Defaulted exposures,1.5,2026-06-05
EXP_00537,CUST_0160,1700798.31,Defaulted exposures,1.5,2026-06-05
EXP_00538,CUST_0152,502222.72,Institutions,0.5,2026-06-05
EXP_00539,CUST_0069,906582.83,Sovereigns,0.0,2026-06-05
EXP_00540,CUST_0192,267027.24,Sovereigns,0.0,2026-06-05
EXP_00541,CUST_0276,1908561.54,Defaulted exposures,1.5,2026-06-05
EXP_00542,CUST_0042,1216287.52,Secured by mortgages,0.35,2026-06-05
EXP_00543,CUST_0040,464999.18,Secured by mortgages,0.35,2026-06-05
EXP_00544,CUST_0259,1346684.36,Corporate,1.0,2026-06-05
EXP_00545,CUST_0168,1240075.2,Secured by mortgages,0.35,2026-06-05
EXP_00546,CUST_0299,722743.81,Sovereigns,0.0,2026-06-05
EXP_00547,CUST_0029,235979.61,Sovereigns,0.0,2026-06-05
EXP_00548,CUST_0289,1346430.66,Retail,0.75,2026-06-05
EXP_00549,CUST_0158,1045412.32,,1.5,2026-06-05
EXP_00550,CUST_0002,1546913.6,Defaulted exposures,1.5,2026-06-05
EXP_00551,CUST_0217,1045125.37,Institutions,0.5,2026-06-05
EXP_00552,CUST_0031,1705841.19,Retail,0.75,2026-06-05
EXP_00553,CUST_0147,1108294.61,Sovereigns,0.0,2026-06-05
EXP_00554,CUST_0216,1126266.56,Institutions,0.5,2026-06-05
EXP_00555,CUST_0194,1754540.67,Sovereigns,0.0,2026-06-05
EXP_00556,CUST_0277,812930.9,Corporate,1.0,2026-06-05
EXP_00557,CUST_0092,276690.3,Secured by mortgages,0.35,2026-06-05
EXP_00558,CUST_0115,67277.53,Retail,0.75,2026-06-05
EXP_00559,CUST_0238,1512723.14,Defaulted exposures,1.5,2026-06-05
EXP_00560,CUST_0195,1244416.01,Corporate,1.0,2026-06-05
EXP_00561,CUST_0142,1411118.74,Corporate,1.0,2026-06-05
EXP_00562,CUST_0058,433798.68,Retail,0.75,2026-06-05
EXP_00563,CUST_0009,281379.24,Corporate,1.0,2026-06-05
EXP_00564,CUST_0018,38943.88,Sovereigns,0.0,2026-06-05
EXP_00565,CUST_0025,707669.24,Corporate,1.0,2026-06-05
EXP_00566,CUST_0120,1183936.2,Secured by mortgages,0.35,2026-06-05
EXP_00567,CUST_0029,790565.65,Corporate,1.0,2026-06-05
EXP_00568,CUST_0295,880575.09,Institutions,0.5,2026-06-05
EXP_00569,CUST_0165,1809275.8,Corporate,1.0,2026-06-05
EXP_00570,CUST_0267,703028.38,Corporate,1.0,2026-06-05
EXP_00571,CUST_0286,1032839.08,Secured by mortgages,0.35,2026-06-05
EXP_00572,CUST_0219,1569469.5,Secured by mortgages,0.35,2026-06-05
EXP_00573,CUST_0196,799120.14,Secured by mortgages,0.35,2026-06-05
EXP_00574,CUST_0077,1247952.53,Institutions,0.5,2026-06-05
EXP_00575,CUST_0243,1726103.78,Corporate,1.0,2026-06-05
EXP_00576,CUST_0074,1899546.04,Sovereigns,0.0,2026-06-05
EXP_00577,CUST_0214,302676.23,Secured by mortgages,0.35,2026-06-05
EXP_00578,CUST_0131,1853909.37,Corporate,1.0,2026-06-05
EXP_00579,CUST_0231,989311.42,Institutions,0.5,2026-06-05
EXP_00580,CUST_0098,523906.33,Retail,0.75,2026-06-05
EXP_00581,CUST_0021,923680.15,Retail,0.75,2026-06-05
EXP_00582,CUST_0287,1960264.82,Corporate,1.0,2026-06-05
EXP_00583,CUST_0171,990310.01,Institutions,,2026-06-05
EXP_00584,CUST_0098,664215.7,Defaulted exposures,1.5,2026-06-05
EXP_00585,CUST_0246,1270467.7,Corporate,1.0,2026-06-05
EXP_00586,CUST_0204,487889.78,Corporate,1.0,2026-06-05
EXP_00587,CUST_0195,160968.02,Sovereigns,0.0,2026-06-05
EXP_00588,CUST_0134,266470.65,Institutions,0.5,2026-06-05
EXP_00589,CUST_0051,264811.22,Defaulted exposures,1.5,2026-06-05
EXP_00590,CUST_0105,312286.36,Institutions,0.5,2026-06-05
EXP_00591,CUST_0114,286266.07,Defaulted exposures,1.5,2026-06-05
EXP_00592,CUST_0300,1285340.74,Secured by mortgages,0.35,2026-06-05
EXP_00593,CUST_0101,371941.37,Institutions,0.5,2026-06-05
EXP_00594,CUST_0126,697877.89,Sovereigns,0.0,2026-06-05
EXP_00595,CUST_0173,1794608.94,Institutions,0.5,2026-06-05
EXP_00596,CUST_0252,953183.66,Sovereigns,0.0,2026-06-05
EXP_00597,CUST_0087,1338439.9,Corporate,1.0,2026-06-05
EXP_00598,CUST_0278,352916.54,Defaulted exposures,1.5,2026-06-05
EXP_00599,CUST_0039,392655.15,Defaulted exposures,,2026-06-05
EXP_00600,CUST_0071,91328.55,Defaulted exposures,1.5,2026-06-05
EXP_00601,CUST_0005,346180.78,Corporate,1.0,2026-06-05
EXP_00602,CUST_0248,564394.77,Defaulted exposures,,2026-06-05
EXP_00603,CUST_0283,362250.86,,0.0,2026-06-05
EXP_00604,CUST_0141,186518.04,Secured by mortgages,,2026-06-05
EXP_00605,CUST_0221,250065.38,Corporate,1.0,2026-06-05
EXP_00606,CUST_0077,926949.75,Corporate,1.0,2026-06-05
EXP_00607,CUST_0182,420604.1,Institutions,0.5,2026-06-05
EXP_00608,CUST_0208,734897.02,Sovereigns,0.0,2026-06-05
EXP_00609,CUST_0116,1011800.37,Institutions,0.5,2026-06-05
EXP_00610,CUST_0017,1383885.71,Retail,0.75,2026-06-05
EXP_00611,CUST_0244,88231.16,Retail,0.75,2026-06-05
EXP_00612,CUST_0043,1600826.69,Sovereigns,0.0,2026-06-05
EXP_00613,CUST_0170,1259521.78,Secured by mortgages,0.35,2026-06-05
EXP_00614,CUST_0271,172700.47,Retail,0.75,2026-06-05
EXP_00615,CUST_0291,1748421.46,Sovereigns,0.0,2026-06-05
EXP_00616,CUST_0144,1842536.08,Secured by mortgages,0.35,2026-06-05
EXP_00617,CUST_0162,131545.14,Retail,0.75,2026-06-05
EXP_00618,CUST_0204,560986.52,Retail,0.75,2026-06-05
EXP_00619,CUST_0291,1614340.55,Sovereigns,0.0,2026-06-05
EXP_00620,CUST_0197,1499036.78,Defaulted exposures,1.5,2026-06-05
EXP_00621,CUST_0041,377196.83,Secured by mortgages,0.35,2026-06-05
EXP_00622,CUST_0051,426605.15,Sovereigns,0.0,2026-06-05
EXP_00623,CUST_0204,747239.48,,0.5,2026-06-05
EXP_00624,CUST_0231,974200.74,Sovereigns,0.0,2026-06-05
EXP_00625,CUST_0193,1240327.0,Sovereigns,0.0,2026-06-05
EXP_00626,CUST_0195,744138.14,Retail,0.75,2026-06-05
EXP_00627,CUST_0127,930444.09,Defaulted exposures,1.5,2026-06-05
EXP_00628,CUST_0195,1497467.17,Defaulted exposures,1.5,2026-06-05
EXP_00629,CUST_0200,82999.57,Institutions,0.5,2026-06-05
EXP_00630,CUST_0158,512349.52,Sovereigns,0.0,2026-06-05
EXP_00631,CUST_0068,1429565.68,Retail,0.75,2026-06-05
EXP_00632,CUST_0285,1791461.61,Secured by mortgages,,2026-06-05
EXP_00633,CUST_0182,1028238.11,Secured by mortgages,0.35,2026-06-05
EXP_00634,CUST_0167,1068905.84,,0.0,2026-06-05
EXP_00635,CUST_0044,223272.3,Defaulted exposures,1.5,2026-06-05
EXP_00636,CUST_0125,900350.61,Secured by mortgages,0.35,2026-06-05
EXP_00637,CUST_0087,1069908.36,Corporate,1.0,2026-06-05
EXP_00638,CUST_0075,492516.3,Retail,0.75,2026-06-05
EXP_00639,CUST_0154,545794.03,Sovereigns,0.0,2026-06-05
EXP_00640,CUST_0127,760795.48,Defaulted exposures,1.5,2026-06-05
EXP_00641,CUST_0101,49941.68,Sovereigns,0.0,2026-06-05
EXP_00642,CUST_0203,650937.54,Institutions,0.5,2026-06-05
EXP_00643,CUST_0169,430781.53,Sovereigns,0.0,2026-06-05
EXP_00644,CUST_0070,661719.73,Institutions,0.5,2026-06-05
EXP_00645,CUST_0103,248326.64,Sovereigns,0.0,2026-06-05
EXP_00646,CUST_0164,1782149.29,Institutions,0.5,2026-06-05
EXP_00647,CUST_0295,1191248.98,Corporate,1.0,2026-06-05
EXP_00648,CUST_0202,1361413.62,Institutions,0.5,2026-06-05
EXP_00649,CUST_0280,1580450.76,Corporate,1.0,2026-06-05
EXP_00650,CUST_0237,1001899.98,Defaulted exposures,1.5,2026-06-05
EXP_00651,CUST_0036,182971.37,Sovereigns,0.0,2026-06-05
EXP_00652,CUST_0156,1078842.02,Corporate,1.0,2026-06-05
EXP_00653,CUST_0217,1177813.82,Sovereigns,0.0,2026-06-05
EXP_00654,CUST_0246,1493424.55,Secured by mortgages,0.35,2026-06-05
EXP_00655,CUST_0215,869002.5,Secured by mortgages,0.35,2026-06-05
EXP_00656,CUST_0275,263884.8,Secured by mortgages,0.35,2026-06-05
EXP_00657,CUST_0128,574714.05,Defaulted exposures,1.5,2026-06-05
EXP_00658,CUST_0023,732533.77,Secured by mortgages,0.35,2026-06-05
EXP_00659,CUST_0205,1295375.31,Institutions,0.5,2026-06-05
EXP_00660,CUST_0006,1145848.83,Retail,0.75,2026-06-05
EXP_00661,CUST_0266,718632.48,Secured by mortgages,0.35,2026-06-05
EXP_00662,CUST_0229,1973165.35,Institutions,0.5,2026-06-05
EXP_00663,CUST_0257,1215491.89,Corporate,,2026-06-05
EXP_00664,CUST_0054,482081.32,Institutions,0.5,2026-06-05
EXP_00665,CUST_0060,212547.12,Defaulted exposures,1.5,2026-06-05
EXP_00666,CUST_0234,314189.69,Corporate,1.0,2026-06-05
EXP_00667,CUST_0050,499455.88,Sovereigns,0.0,2026-06-05
EXP_00668,CUST_0035,329755.93,Institutions,0.5,2026-06-05
EXP_00669,CUST_0012,381268.38,Institutions,0.5,2026-06-05
EXP_00670,CUST_0085,577339.39,Defaulted exposures,1.5,2026-06-05
EXP_00671,CUST_0082,355013.45,Institutions,0.5,2026-06-05
EXP_00672,CUST_0119,1794563.2,Sovereigns,0.0,2026-06-05
EXP_00673,CUST_0222,169665.15,,0.0,2026-06-05
EXP_00674,CUST_0102,1053777.67,Sovereigns,0.0,2026-06-05
EXP_00675,CUST_0110,826689.69,Corporate,1.0,2026-06-05
EXP_00676,CUST_0033,1964933.45,Secured by mortgages,0.35,2026-06-05
EXP_00677,CUST_0096,232957.42,Institutions,0.5,2026-06-05
EXP_00678,CUST_0135,801732.64,Defaulted exposures,1.5,2026-06-05
EXP_00679,CUST_0161,1939246.16,Secured by mortgages,0.35,2026-06-05
EXP_00680,CUST_0059,1732359.18,Institutions,0.5,2026-06-05
EXP_00681,CUST_0089,1635973.42,Defaulted exposures,1.5,2026-06-05
EXP_00682,CUST_0044,523226.63,Defaulted exposures,1.5,2026-06-05
EXP_00683,CUST_0157,350066.3,Retail,0.75,2026-06-05
EXP_00684,CUST_0262,1340600.01,Sovereigns,0.0,2026-06-05
EXP_00685,CUST_0197,1859458.22,Sovereigns,0.0,2026-06-05
EXP_00686,CUST_0089,1117958.16,Secured by mortgages,0.35,2026-06-05
EXP_00687,CUST_0096,1147509.25,Institutions,0.5,2026-06-05
EXP_00688,CUST_0184,567158.4,Retail,0.75,2026-06-05
EXP_00689,CUST_0197,1541290.94,Secured by mortgages,0.35,2026-06-05
EXP_00690,CUST_0252,382217.06,Sovereigns,0.0,2026-06-05
EXP_00691,CUST_0086,654121.68,Retail,0.75,2026-06-05
EXP_00692,CUST_0113,856618.51,Institutions,0.5,2026-06-05
EXP_00693,CUST_0148,1020144.65,Corporate,1.0,2026-06-05
EXP_00694,CUST_0254,492395.37,Secured by mortgages,0.35,2026-06-05
EXP_00695,CUST_0138,238525.28,Secured by mortgages,0.35,2026-06-05
EXP_00696,CUST_0022,1225133.88,Defaulted exposures,1.5,2026-06-05
EXP_00697,CUST_0218,584374.8,Retail,0.75,2026-06-05
EXP_00698,CUST_0127,1166664.06,Institutions,0.5,2026-06-05
EXP_00699,CUST_0135,317181.8,Institutions,0.5,2026-06-05
EXP_00700,CUST_0061,967468.8,Corporate,1.0,2026-06-05
EXP_00701,CUST_0180,1069852.97,Defaulted exposures,1.5,2026-06-05
EXP_00702,CUST_0072,113128.84,Corporate,1.0,2026-06-05
EXP_00703,CUST_0292,679842.51,Institutions,0.5,2026-06-05
EXP_00704,CUST_0087,277485.21,Institutions,0.5,2026-06-05
EXP_00705,CUST_0294,136116.19,Institutions,0.5,2026-06-05
EXP_00706,CUST_0049,1980020.86,Corporate,1.0,2026-06-05
EXP_00707,CUST_0031,651484.15,Institutions,0.5,2026-06-05
EXP_00708,CUST_0068,1621650.15,Corporate,1.0,2026-06-05
EXP_00709,CUST_0127,516734.9,Defaulted exposures,1.5,2026-06-05
EXP_00710,CUST_0138,1366190.42,Defaulted exposures,1.5,2026-06-05
EXP_00711,CUST_0048,1522853.44,Sovereigns,0.0,2026-06-05
EXP_00712,CUST_0189,1195321.09,Sovereigns,0.0,2026-06-05
EXP_00713,CUST_0002,948436.62,Defaulted exposures,1.5,2026-06-05
EXP_00714,CUST_0184,829563.42,Retail,0.75,2026-06-05
EXP_00715,CUST_0220,704247.85,Corporate,1.0,2026-06-05
EXP_00716,CUST_0146,1859763.0,Institutions,0.5,2026-06-05
EXP_00717,CUST_0249,1662932.62,Institutions,0.5,2026-06-05
EXP_00718,CUST_0024,1930403.55,Retail,0.75,2026-06-05
EXP_00719,CUST_0009,257351.47,Retail,0.75,2026-06-05
EXP_00720,CUST_0234,1464426.28,Retail,0.75,2026-06-05
EXP_00721,CUST_0068,1877297.51,Defaulted exposures,1.5,2026-06-05
EXP_00722,CUST_0141,370653.8,Retail,0.75,2026-06-05
EXP_00723,CUST_0191,142327.57,Defaulted exposures,1.5,2026-06-05
EXP_00724,CUST_0203,1484830.09,Defaulted exposures,1.5,2026-06-05
EXP_00725,CUST_0120,1153201.5,Sovereigns,0.0,2026-06-05
EXP_00726,CUST_0001,1685239.27,Corporate,1.0,2026-06-05
EXP_00727,CUST_0116,288147.03,Secured by mortgages,,2026-06-05
EXP_00728,CUST_0176,1592581.95,Retail,0.75,2026-06-05
EXP_00729,CUST_0068,411238.37,Sovereigns,0.0,2026-06-05
EXP_00730,CUST_0053,335675.33,Retail,0.75,2026-06-05
EXP_00731,CUST_0071,336888.94,Sovereigns,0.0,2026-06-05
EXP_00732,CUST_0069,1631003.69,Defaulted exposures,1.5,2026-06-05
EXP_00733,CUST_0272,1333742.47,,0.35,2026-06-05
EXP_00734,CUST_0226,1050900.2,Institutions,0.5,2026-06-05
EXP_00735,CUST_0078,724072.66,Sovereigns,0.0,2026-06-05
EXP_00736,CUST_0112,1755629.08,Retail,0.75,2026-06-05
EXP_00737,CUST_0064,790965.76,Secured by mortgages,0.35,2026-06-05
EXP_00738,CUST_0220,1635032.88,Institutions,0.5,2026-06-05
EXP_00739,CUST_0044,883878.47,Corporate,1.0,2026-06-05
EXP_00740,CUST_0146,760119.41,,1.5,2026-06-05
EXP_00741,CUST_0155,930732.77,Corporate,1.0,2026-06-05
EXP_00742,CUST_0201,609741.97,Institutions,0.5,2026-06-05
EXP_00743,CUST_0123,1497742.67,Sovereigns,0.0,2026-06-05
EXP_00744,CUST_0037,1010413.58,Secured by mortgages,,2026-06-05
EXP_00745,CUST_0185,472103.26,Institutions,0.5,2026-06-05
EXP_00746,CUST_0292,1800153.4,Sovereigns,0.0,2026-06-05
EXP_00747,CUST_0242,773943.53,,0.75,2026-06-05
EXP_00748,CUST_0135,1091670.19,Corporate,1.0,2026-06-05
EXP_00749,CUST_0204,1813879.5,Secured by mortgages,0.35,2026-06-05
EXP_00750,CUST_0213,1252233.61,Sovereigns,0.0,2026-06-05
EXP_00751,CUST_0275,242627.1,Secured by mortgages,0.35,2026-06-05
EXP_00752,CUST_0159,1880265.93,Retail,0.75,2026-06-05
EXP_00753,CUST_0080,1259139.03,Secured by mortgages,0.35,2026-06-05
EXP_00754,CUST_0034,676462.17,Institutions,0.5,2026-06-05
EXP_00755,CUST_0123,287151.42,Retail,0.75,2026-06-05
EXP_00756,CUST_0060,1590110.13,Sovereigns,0.0,2026-06-05
EXP_00757,CUST_0090,1243944.78,,0.75,2026-06-05
EXP_00758,CUST_0006,1071587.57,Corporate,1.0,2026-06-05
EXP_00759,CUST_0265,1788846.24,Defaulted exposures,1.5,2026-06-05
EXP_00760,CUST_0138,1579308.45,Defaulted exposures,1.5,2026-06-05
EXP_00761,CUST_0016,311833.01,Institutions,0.5,2026-06-05
EXP_00762,CUST_0033,630326.91,Institutions,0.5,2026-06-05
EXP_00763,CUST_0040,504493.39,Sovereigns,0.0,2026-06-05
EXP_00764,CUST_0256,1490453.12,Secured by mortgages,0.35,2026-06-05
EXP_00765,CUST_0053,76729.55,Secured by mortgages,0.35,2026-06-05
EXP_00766,CUST_0261,1144080.47,Retail,0.75,2026-06-05
EXP_00767,CUST_0126,1527292.78,Retail,0.75,2026-06-05
EXP_00768,CUST_0077,1754763.62,Corporate,1.0,2026-06-05
EXP_00769,CUST_0284,690742.68,Defaulted exposures,1.5,2026-06-05
EXP_00770,CUST_0165,1644302.04,Corporate,1.0,2026-06-05
EXP_00771,CUST_0139,230157.16,Retail,0.75,2026-06-05
EXP_00772,CUST_0027,1694440.06,Corporate,1.0,2026-06-05
EXP_00773,CUST_0024,263702.44,Sovereigns,0.0,2026-06-05
EXP_00774,CUST_0145,800601.71,Institutions,0.5,2026-06-05
EXP_00775,CUST_0005,1596617.78,Institutions,0.5,2026-06-05
EXP_00776,CUST_0156,308335.68,Defaulted exposures,1.5,2026-06-05
EXP_00777,CUST_0253,466210.28,Corporate,1.0,2026-06-05
EXP_00778,CUST_0126,1447282.61,,1.0,2026-06-05
EXP_00779,CUST_0120,1442872.71,Secured by mortgages,0.35,2026-06-05
EXP_00780,CUST_0005,1285883.79,,0.5,2026-06-05
EXP_00781,CUST_0158,1390957.4,Retail,0.75,2026-06-05
EXP_00782,CUST_0215,1090021.64,Sovereigns,0.0,2026-06-05
EXP_00783,CUST_0073,511080.13,Defaulted exposures,1.5,2026-06-05
EXP_00784,CUST_0119,697935.03,Secured by mortgages,0.35,2026-06-05
EXP_00785,CUST_0235,371379.46,Defaulted exposures,1.5,2026-06-05
EXP_00786,CUST_0069,1817816.62,Defaulted exposures,1.5,2026-06-05
EXP_00787,CUST_0291,1170949.67,Retail,0.75,2026-06-05
EXP_00788,CUST_0122,807694.32,Institutions,0.5,2026-06-05
EXP_00789,CUST_0202,929391.55,Defaulted exposures,1.5,2026-06-05
EXP_00790,CUST_0232,1895093.85,Institutions,0.5,2026-06-05
EXP_00791,CUST_0070,315169.29,Secured by mortgages,0.35,2026-06-05
EXP_00792,CUST_0231,1176597.37,Sovereigns,0.0,2026-06-05
EXP_00793,CUST_0184,1016718.47,Corporate,1.0,2026-06-05
EXP_00794,CUST_0062,1226793.93,Retail,0.75,2026-06-05
EXP_00795,CUST_0021,46039.27,Corporate,1.0,2026-06-05
EXP_00796,CUST_0047,1745526.58,Defaulted exposures,1.5,2026-06-05
EXP_00797,CUST_0263,1864915.38,Retail,0.75,2026-06-05
EXP_00798,CUST_0090,1134615.04,Retail,0.75,2026-06-05
EXP_00799,CUST_0285,1396335.14,Defaulted exposures,1.5,2026-06-05
EXP_00800,CUST_0053,1845773.77,Corporate,1.0,2026-06-05
EXP_00801,CUST_0114,1417404.88,Corporate,1.0,2026-06-05
EXP_00802,CUST_0044,313552.7,Secured by mortgages,0.35,2026-06-05
EXP_00803,CUST_0039,1156813.84,Retail,0.75,2026-06-05
EXP_00804,CUST_0228,1217362.94,Corporate,1.0,2026-06-05
EXP_00805,CUST_0170,854020.04,Retail,0.75,2026-06-05
EXP_00806,CUST_0087,1475524.03,Secured by mortgages,0.35,2026-06-05
EXP_00807,CUST_0255,1869390.36,Retail,0.75,2026-06-05
EXP_00808,CUST_0182,1851881.34,Corporate,1.0,2026-06-05
EXP_00809,CUST_0229,907170.35,Corporate,1.0,2026-06-05
EXP_00810,CUST_0126,235343.71,Defaulted exposures,1.5,2026-06-05
EXP_00811,CUST_0282,1969833.99,Sovereigns,0.0,2026-06-05
EXP_00812,CUST_0071,1679407.19,Sovereigns,0.0,2026-06-05
EXP_00813,CUST_0270,258078.74,Corporate,1.0,2026-06-05
EXP_00814,CUST_0010,1842475.35,Sovereigns,0.0,2026-06-05
EXP_00815,CUST_0279,1741093.76,Sovereigns,0.0,2026-06-05
EXP_00816,CUST_0165,1042487.73,Sovereigns,,2026-06-05
EXP_00817,CUST_0113,1186638.12,Retail,0.75,2026-06-05
EXP_00818,CUST_0030,804015.38,Sovereigns,0.0,2026-06-05
EXP_00819,CUST_0120,118975.66,Corporate,1.0,2026-06-05
EXP_00820,CUST_0137,677042.51,Secured by mortgages,0.35,2026-06-05
EXP_00821,CUST_0029,1607678.36,Corporate,1.0,2026-06-05
EXP_00822,CUST_0199,19217.73,Institutions,0.5,2026-06-05
EXP_00823,CUST_0089,673663.35,Corporate,1.0,2026-06-05
EXP_00824,CUST_0184,802355.7,,0.35,2026-06-05
EXP_00825,CUST_0291,1079417.25,Secured by mortgages,0.35,2026-06-05
EXP_00826,CUST_0253,1840512.68,Secured by mortgages,0.35,2026-06-05
EXP_00827,CUST_0047,699228.53,Retail,0.75,2026-06-05
EXP_00828,CUST_0270,700436.87,,0.0,2026-06-05
EXP_00829,CUST_0104,1477627.48,Corporate,1.0,2026-06-05
EXP_00830,CUST_0166,909913.7,,0.75,2026-06-05
EXP_00831,CUST_0073,456963.6,Retail,0.75,2026-06-05
EXP_00832,CUST_0038,910354.64,Institutions,0.5,2026-06-05
EXP_00833,CUST_0052,290305.47,Institutions,0.5,2026-06-05
EXP_00834,CUST_0081,361010.1,Defaulted exposures,1.5,2026-06-05
EXP_00835,CUST_0250,1001751.87,Defaulted exposures,1.5,2026-06-05
EXP_00836,CUST_0288,843661.64,Defaulted exposures,1.5,2026-06-05
EXP_00837,CUST_0183,1830543.34,Corporate,1.0,2026-06-05
EXP_00838,CUST_0194,731163.86,Institutions,0.5,2026-06-05
EXP_00839,CUST_0091,1165370.82,,1.5,2026-06-05
EXP_00840,CUST_0294,1268205.93,Sovereigns,0.0,2026-06-05
EXP_00841,CUST_0291,36057.97,Retail,0.75,2026-06-05
EXP_00842,CUST_0114,1330439.37,Defaulted exposures,1.5,2026-06-05
EXP_00843,CUST_0073,364291.57,Institutions,0.5,2026-06-05
EXP_00844,CUST_0164,1922529.93,Corporate,1.0,2026-06-05
EXP_00845,CUST_0172,305838.83,,0.0,2026-06-05
EXP_00846,CUST_0035,835102.01,Institutions,0.5,2026-06-05
EXP_00847,CUST_0001,179845.84,Retail,0.75,2026-06-05
EXP_00848,CUST_0086,1993779.76,Sovereigns,0.0,2026-06-05
EXP_00849,CUST_0280,1009368.07,Sovereigns,0.0,2026-06-05
EXP_00850,CUST_0296,1194816.18,Defaulted exposures,1.5,2026-06-05
EXP_00851,CUST_0232,143482.19,Retail,0.75,2026-06-05
EXP_00852,CUST_0011,1502421.34,Institutions,0.5,2026-06-05
EXP_00853,CUST_0176,427712.13,Corporate,1.0,2026-06-05
EXP_00854,CUST_0039,1797128.04,Secured by mortgages,0.35,2026-06-05
EXP_00855,CUST_0174,418227.88,Secured by mortgages,0.35,2026-06-05
EXP_00856,CUST_0016,389468.56,Sovereigns,0.0,2026-06-05
EXP_00857,CUST_0223,82733.84,Corporate,1.0,2026-06-05
EXP_00858,CUST_0098,949413.22,Sovereigns,0.0,2026-06-05
EXP_00859,CUST_0277,1134033.86,Institutions,0.5,2026-06-05
EXP_00860,CUST_0050,140760.19,Retail,0.75,2026-06-05
EXP_00861,CUST_0252,1553299.96,Corporate,,2026-06-05
EXP_00862,CUST_0045,912044.78,Institutions,0.5,2026-06-05
EXP_00863,CUST_0246,1053536.64,Corporate,1.0,2026-06-05
EXP_00864,CUST_0150,887117.87,Retail,0.75,2026-06-05
EXP_00865,CUST_0204,807518.49,Sovereigns,0.0,2026-06-05
EXP_00866,CUST_0047,1123684.26,Defaulted exposures,1.5,2026-06-05
EXP_00867,CUST_0196,318928.09,Institutions,0.5,2026-06-05
EXP_00868,CUST_0226,372036.98,Sovereigns,0.0,2026-06-05
EXP_00869,CUST_0289,1724953.39,Retail,0.75,2026-06-05
EXP_00870,CUST_0050,1892769.77,Retail,0.75,2026-06-05
EXP_00871,CUST_0212,752885.54,Secured by mortgages,0.35,2026-06-05
EXP_00872,CUST_0199,548781.9,Secured by mortgages,0.35,2026-06-05
EXP_00873,CUST_0244,1291559.09,Secured by mortgages,0.35,2026-06-05
EXP_00874,CUST_0041,823381.0,Sovereigns,0.0,2026-06-05
EXP_00875,CUST_0258,60518.85,Secured by mortgages,0.35,2026-06-05
EXP_00876,CUST_0076,320743.67,Retail,0.75,2026-06-05
EXP_00877,CUST_0086,1434784.74,Corporate,1.0,2026-06-05
EXP_00878,CUST_0217,1321258.64,Retail,0.75,2026-06-05
EXP_00879,CUST_0076,63921.03,Secured by mortgages,0.35,2026-06-05
EXP_00880,CUST_0035,451724.6,Retail,0.75,2026-06-05
EXP_00881,CUST_0167,469838.85,Institutions,0.5,2026-06-05
EXP_00882,CUST_0007,1347066.56,Defaulted exposures,1.5,2026-06-05
EXP_00883,CUST_0215,49223.97,Retail,0.75,2026-06-05
EXP_00884,CUST_0299,217176.08,Retail,0.75,2026-06-05
EXP_00885,CUST_0052,1601833.01,Institutions,0.5,2026-06-05
EXP_00886,CUST_0211,365303.88,Institutions,0.5,2026-06-05
EXP_00887,CUST_0243,1308964.75,Retail,0.75,2026-06-05
EXP_00888,CUST_0206,483983.73,Retail,0.75,2026-06-05
EXP_00889,CUST_0122,207888.37,Retail,0.75,2026-06-05
EXP_00890,CUST_0191,493912.66,Retail,0.75,2026-06-05
EXP_00891,CUST_0160,1447311.19,Institutions,0.5,2026-06-05
EXP_00892,CUST_0051,1712835.97,Corporate,1.0,2026-06-05
EXP_00893,CUST_0227,1662137.53,Institutions,0.5,2026-06-05
EXP_00894,CUST_0046,800395.22,Corporate,1.0,2026-06-05
EXP_00895,CUST_0209,1339489.42,Defaulted exposures,1.5,2026-06-05
EXP_00896,CUST_0192,417918.75,Retail,0.75,2026-06-05
EXP_00897,CUST_0160,593363.98,Defaulted exposures,1.5,2026-06-05
EXP_00898,CUST_0269,1793708.28,,0.35,2026-06-05
EXP_00899,CUST_0103,35873.83,Retail,0.75,2026-06-05
EXP_00900,CUST_0185,180161.98,Defaulted exposures,1.5,2026-06-05
EXP_00901,CUST_0238,423693.65,Secured by mortgages,0.35,2026-06-05
EXP_00902,CUST_0016,62799.09,Corporate,1.0,2026-06-05
EXP_00903,CUST_0091,371056.52,Sovereigns,0.0,2026-06-05
EXP_00904,CUST_0084,1170252.71,Institutions,0.5,2026-06-05
EXP_00905,CUST_0146,848634.86,Retail,0.75,2026-06-05
EXP_00906,CUST_0293,1786416.71,Corporate,1.0,2026-06-05
EXP_00907,CUST_0106,1636712.69,Institutions,0.5,2026-06-05
EXP_00908,CUST_0005,690216.53,Sovereigns,0.0,2026-06-05
EXP_00909,CUST_0005,526252.63,Corporate,1.0,2026-06-05
EXP_00910,CUST_0157,765587.89,Defaulted exposures,1.5,2026-06-05
EXP_00911,CUST_0217,1184686.94,Sovereigns,0.0,2026-06-05
EXP_00912,CUST_0112,543446.65,Sovereigns,0.0,2026-06-05
EXP_00913,CUST_0204,1252056.33,Secured by mortgages,0.35,2026-06-05
EXP_00914,CUST_0192,824729.19,Secured by mortgages,0.35,2026-06-05
EXP_00915,CUST_0153,1108573.89,Defaulted exposures,1.5,2026-06-05
EXP_00916,CUST_0142,877891.79,Defaulted exposures,1.5,2026-06-05
EXP_00917,CUST_0153,595986.86,Corporate,1.0,2026-06-05
EXP_00918,CUST_0030,1897422.08,Secured by mortgages,0.35,2026-06-05
EXP_00919,CUST_0072,1529575.53,,1.5,2026-06-05
EXP_00920,CUST_0152,288825.22,Institutions,0.5,2026-06-05
EXP_00921,CUST_0019,1738251.27,Secured by mortgages,0.35,2026-06-05
EXP_00922,CUST_0098,979988.08,Institutions,0.5,2026-06-05
EXP_00923,CUST_0274,1790158.93,Defaulted exposures,1.5,2026-06-05
EXP_00924,CUST_0184,1601711.96,Secured by mortgages,0.35,2026-06-05
EXP_00925,CUST_0286,856174.87,Corporate,1.0,2026-06-05
EXP_00926,CUST_0133,54713.92,Defaulted exposures,1.5,2026-06-05
EXP_00927,CUST_0094,544667.95,Defaulted exposures,1.5,2026-06-05
EXP_00928,CUST_0114,1087852.09,Institutions,0.5,2026-06-05
EXP_00929,CUST_0216,1270621.66,Institutions,0.5,2026-06-05
EXP_00930,CUST_0238,523196.49,Retail,0.75,2026-06-05
EXP_00931,CUST_0299,287318.59,Secured by mortgages,0.35,2026-06-05
EXP_00932,CUST_0100,1671511.17,Secured by mortgages,0.35,2026-06-05
EXP_00933,CUST_0272,1968960.34,Institutions,0.5,2026-06-05
EXP_00934,CUST_0078,1056123.46,Corporate,1.0,2026-06-05
EXP_00935,CUST_0292,351641.78,Sovereigns,0.0,2026-06-05
EXP_00936,CUST_0093,551891.58,Retail,0.75,2026-06-05
EXP_00937,CUST_0091,46597.45,Institutions,,2026-06-05
EXP_00938,CUST_0141,1829454.63,Corporate,1.0,2026-06-05
EXP_00939,CUST_0082,244324.65,Sovereigns,0.0,2026-06-05
EXP_00940,CUST_0067,1157267.79,Secured by mortgages,0.35,2026-06-05
EXP_00941,CUST_0220,555369.89,Sovereigns,0.0,2026-06-05
EXP_00942,CUST_0103,1112814.23,Defaulted exposures,,2026-06-05
EXP_00943,CUST_0165,1306326.57,Secured by mortgages,0.35,2026-06-05
EXP_00944,CUST_0128,1661186.19,Corporate,1.0,2026-06-05
EXP_00945,CUST_0067,420778.33,Retail,0.75,2026-06-05
EXP_00946,CUST_0086,31881.7,Retail,0.75,2026-06-05
EXP_00947,CUST_0149,282402.4,Sovereigns,0.0,2026-06-05
EXP_00948,CUST_0173,1801037.1,Sovereigns,0.0,2026-06-05
EXP_00949,CUST_0176,1749041.25,Sovereigns,0.0,2026-06-05
EXP_00950,CUST_0207,1198852.07,Retail,0.75,2026-06-05
EXP_00951,CUST_0068,1205028.55,Corporate,1.0,2026-06-05
EXP_00952,CUST_0087,1333422.98,Retail,0.75,2026-06-05
EXP_00953,CUST_0020,358988.84,Sovereigns,0.0,2026-06-05
EXP_00954,CUST_0274,1829679.77,Secured by mortgages,0.35,2026-06-05
EXP_00955,CUST_0056,843353.34,Defaulted exposures,1.5,2026-06-05
EXP_00956,CUST_0060,772445.67,Sovereigns,0.0,2026-06-05
EXP_00957,CUST_0130,1042646.23,Sovereigns,0.0,2026-06-05
EXP_00958,CUST_0005,103462.27,Institutions,0.5,2026-06-05
EXP_00959,CUST_0267,340903.9,Institutions,0.5,2026-06-05
EXP_00960,CUST_0215,1478686.9,Retail,0.75,2026-06-05
EXP_00961,CUST_0145,174769.35,Retail,0.75,2026-06-05
EXP_00962,CUST_0103,1210272.7,Institutions,0.5,2026-06-05
EXP_00963,CUST_0184,498244.73,Defaulted exposures,1.5,2026-06-05
EXP_00964,CUST_0281,784698.27,Sovereigns,0.0,2026-06-05
EXP_00965,CUST_0247,584500.54,Institutions,,2026-06-05
EXP_00966,CUST_0046,717788.71,Retail,0.75,2026-06-05
EXP_00967,CUST_0077,1440901.35,Retail,0.75,2026-06-05
EXP_00968,CUST_0052,601272.21,Institutions,0.5,2026-06-05
EXP_00969,CUST_0152,1137145.23,Institutions,0.5,2026-06-05
EXP_00970,CUST_0090,957340.3,Retail,0.75,2026-06-05
EXP_00971,CUST_0161,1330705.62,Sovereigns,0.0,2026-06-05
EXP_00972,CUST_0024,1874291.18,Retail,0.75,2026-06-05
EXP_00973,CUST_0088,1467818.47,Institutions,0.5,2026-06-05
EXP_00974,CUST_0138,437731.35,Defaulted exposures,1.5,2026-06-05
EXP_00975,CUST_0094,72054.44,Retail,0.75,2026-06-05
EXP_00976,CUST_0140,531905.45,Sovereigns,0.0,2026-06-05
EXP_00977,CUST_0216,1194205.08,Defaulted exposures,1.5,2026-06-05
EXP_00978,CUST_0068,112337.37,Defaulted exposures,1.5,2026-06-05
EXP_00979,CUST_0082,997768.83,Retail,0.75,2026-06-05
EXP_00980,CUST_0292,1197717.27,Defaulted exposures,1.5,2026-06-05
EXP_00981,CUST_0184,675145.34,,0.35,2026-06-05
EXP_00982,CUST_0067,1544115.29,Sovereigns,0.0,2026-06-05
EXP_00983,CUST_0211,222130.52,Sovereigns,0.0,2026-06-05
EXP_00984,CUST_0161,159524.19,Retail,0.75,2026-06-05
EXP_00985,CUST_0296,1459095.62,Defaulted exposures,1.5,2026-06-05
EXP_00986,CUST_0174,996027.72,Secured by mortgages,0.35,2026-06-05
EXP_00987,CUST_0049,1379920.77,Sovereigns,0.0,2026-06-05
EXP_00988,CUST_0178,875306.4,Defaulted exposures,1.5,2026-06-05
EXP_00989,CUST_0286,500340.05,Secured by mortgages,0.35,2026-06-05
EXP_00990,CUST_0081,1640013.61,Secured by mortgages,0.35,2026-06-05
EXP_00991,CUST_0085,1600837.6,Retail,0.75,2026-06-05
EXP_00992,CUST_0170,1392445.98,Institutions,0.5,2026-06-05
EXP_00993,CUST_0194,551568.82,Sovereigns,0.0,2026-06-05
EXP_00994,CUST_0228,1184559.03,Secured by mortgages,0.35,2026-06-05
EXP_00995,CUST_0229,728338.05,Institutions,0.5,2026-06-05
EXP_00996,CUST_0010,192248.33,Retail,0.75,2026-06-05
EXP_00997,CUST_0282,1835454.02,Retail,0.75,2026-06-05
EXP_00998,CUST_0156,282269.08,Secured by mortgages,0.35,2026-06-05
EXP_00999,CUST_0234,1900972.33,Institutions,0.5,2026-06-05
EXP_01000,CUST_0115,897551.49,Sovereigns,0.0,2026-06-05
