loan_id,customer_id,outstanding_balance,days_past_due,stage,origination_pd,current_pd,pd,lgd,ead,reported_ecl
LOAN_00001,CUST_0229,369629.23,0,STAGE_1,0.0572,0.0419,0.0419,0.4243,369629.23,6571.33
LOAN_00002,CUST_0274,241356.41,0,STAGE_1,0.022,0.012,0.012,0.5017,241356.41,2453.06
LOAN_00003,CUST_0240,669871.73,20,STAGE_1,0.0398,0.0411,0.0411,0.6317,669871.73,17391.79
LOAN_00004,CUST_0241,521486.38,10,STAGE_1,0.0069,0.0374,0.0374,0.3901,521486.38,7608.35
LOAN_00005,CUST_0187,401828.67,10,STAGE_1,0.045,0.0628,0.0628,0.5824,401828.67,14696.77
LOAN_00006,CUST_0167,813920.81,30,STAGE_2,0.0767,0.0831,0.0831,0.2979,813920.81,21149.01
LOAN_00007,CUST_0145,12525.06,20,STAGE_1,0.0724,0.0281,0.0281,0.6635,12525.06,233.52
LOAN_00008,CUST_0055,64966.05,90,STAGE_3,0.0314,0.2406,0.2406,0.4429,64966.05,6922.9
LOAN_00009,CUST_0125,260492.68,0,STAGE_1,0.028,0.0813,0.0813,0.4696,260492.68,9945.21
LOAN_00010,CUST_0221,314751.16,20,STAGE_1,0.0587,0.0309,0.0309,0.4068,314751.16,3956.46
LOAN_00011,CUST_0121,126276.66,0,STAGE_1,0.0561,0.0222,0.0222,0.4626,126276.66,1296.83
LOAN_00012,CUST_0250,710501.03,0,STAGE_1,0.0475,0.0294,0.0294,0.6815,710501.03,14235.67
LOAN_00013,CUST_0228,486127.92,45,STAGE_2,0.0463,0.0874,0.0874,0.5166,486127.92,21949.08
LOAN_00014,CUST_0195,951646.33,20,STAGE_1,0.0664,0.089,0.089,0.314,951646.33,26594.71
LOAN_00015,CUST_0072,215984.62,20,STAGE_1,0.0358,0.0848,0.0848,0.65,,11905.07
LOAN_00016,CUST_0076,356654.27,0,STAGE_1,0.0635,0.0311,0.0311,0.6113,356654.27,6780.51
LOAN_00017,CUST_0229,426619.56,20,STAGE_1,0.0122,0.0643,0.0643,0.4259,426619.56,11683.13
LOAN_00018,CUST_0156,588675.42,0,STAGE_1,0.0603,0.087,0.087,0.3084,588675.42,15794.63
LOAN_00019,CUST_0046,100235.98,0,STAGE_1,0.0531,0.0627,0.0627,0.4733,100235.98,2974.59
LOAN_00020,CUST_0151,235787.36,0,STAGE_1,0.0496,0.0522,0.0522,,235787.36,11040.59
LOAN_00021,CUST_0184,140757.55,20,STAGE_1,0.0353,0.0457,0.0457,0.5588,140757.55,3594.55
LOAN_00022,CUST_0202,693973.97,120,STAGE_3,0.0146,0.2416,0.2416,0.5622,693973.97,94260.76
LOAN_00023,CUST_0072,580494.98,0,STAGE_1,0.011,0.0131,0.0131,0.6471,580494.98,4920.86
LOAN_00024,CUST_0079,195907.99,0,STAGE_1,0.022,0.0387,0.0387,0.2347,,1779.41
LOAN_00025,CUST_0009,521464.49,0,STAGE_1,0.065,0.0272,0.0272,0.47,521464.49,6666.4
LOAN_00026,CUST_0070,880678.69,20,STAGE_1,0.045,0.0358,0.0358,0.3665,880678.69,11555.12
LOAN_00027,CUST_0218,671139.52,120,STAGE_3,0.0546,0.4231,0.4231,0.5653,671139.52,160522.1
LOAN_00028,CUST_0218,467879.58,0,STAGE_1,0.0472,0.096,0.096,0.2877,467879.58,12922.46
LOAN_00029,CUST_0257,691554.87,0,STAGE_1,0.0452,0.0142,0.0142,0.4252,691554.87,4175.5
LOAN_00030,CUST_0020,757382.51,0,STAGE_1,0.0549,0.0806,0.0806,0.6636,757382.51,40509.48
LOAN_00031,CUST_0041,238468.87,0,STAGE_1,0.0164,0.0993,0.0993,0.6635,238468.87,15711.65
LOAN_00032,CUST_0144,542257.34,45,STAGE_2,0.0441,0.186,0.186,0.2446,542257.34,27170.32
LOAN_00033,CUST_0040,756494.07,0,STAGE_1,0.067,0.0793,0.0793,0.5544,756494.07,33258.44
LOAN_00034,CUST_0176,40979.58,0,STAGE_1,0.0247,0.0392,,0.2438,40979.58,391.64
LOAN_00035,CUST_0294,937273.03,10,STAGE_1,0.0279,0.0427,0.0427,0.4236,937273.03,16953.13
LOAN_00036,CUST_0149,602591.36,10,STAGE_1,0.074,0.0522,0.0522,0.6961,602591.36,21896.01
LOAN_00037,CUST_0289,852167.83,0,STAGE_1,0.0748,0.0161,0.0161,0.6087,852167.83,8351.3
LOAN_00038,CUST_0150,383720.18,60,STAGE_2,0.0701,0.217,0.217,0.595,383720.18,49544.03
LOAN_00039,CUST_0143,308155.74,0,STAGE_1,0.0352,0.0215,0.0215,0.5475,308155.74,3627.38
LOAN_00040,CUST_0058,349369.23,120,STAGE_3,0.0531,0.529,0.529,0.2663,349369.23,49216.59
LOAN_00041,CUST_0121,862704.41,90,STAGE_3,0.0415,0.4425,0.4425,0.5824,862704.41,222329.28
LOAN_00042,CUST_0079,178964.43,10,STAGE_1,0.0349,0.0189,0.0189,0.3838,178964.43,1298.18
LOAN_00043,CUST_0226,72831.45,0,STAGE_1,0.0151,0.0965,0.0965,0.4748,72831.45,3337.01
LOAN_00044,CUST_0028,965993.05,0,STAGE_1,0.0284,0.0531,0.0531,0.4198,965993.05,21533.32
LOAN_00045,CUST_0205,110136.36,20,STAGE_1,0.0212,0.0639,0.0639,0.5251,110136.36,3695.5
LOAN_00046,CUST_0120,156264.73,0,STAGE_1,0.0636,0.0487,0.0487,0.2291,156264.73,1743.47
LOAN_00047,CUST_0223,994891.99,0,STAGE_1,0.0571,0.0984,0.0984,0.3196,994891.99,32288.0
LOAN_00048,CUST_0022,146538.12,0,STAGE_1,0.0277,0.0146,0.0146,0.5461,146538.12,1168.36
LOAN_00049,CUST_0140,66980.34,10,STAGE_1,0.0798,0.0823,0.0823,0.5076,66980.34,2798.14
LOAN_00050,CUST_0201,309722.35,20,STAGE_1,0.0445,0.0455,0.0455,0.2654,309722.35,3740.11
LOAN_00051,CUST_0100,887171.19,0,STAGE_1,0.0196,0.0399,0.0399,0.4071,887171.19,14410.58
LOAN_00052,CUST_0006,828400.21,30,STAGE_2,0.0627,0.0819,,0.4081,828400.21,27687.94
LOAN_00053,CUST_0229,483937.43,0,STAGE_1,0.0245,0.0772,0.0772,0.2686,483937.43,10034.89
LOAN_00054,CUST_0048,537633.58,0,STAGE_1,0.0059,0.0279,0.0279,0.6879,537633.58,12818.48
LOAN_00055,CUST_0063,802529.43,120,STAGE_3,0.0416,0.2439,0.2439,0.474,802529.43,92779.3
LOAN_00056,CUST_0290,457105.45,45,STAGE_2,0.0124,0.163,0.163,0.275,457105.45,20489.75
LOAN_00057,CUST_0039,328052.55,30,STAGE_2,0.0407,0.1439,0.1439,0.3972,328052.55,18750.53
LOAN_00058,CUST_0166,462149.53,45,STAGE_2,0.0719,0.2424,0.2424,0.5935,462149.53,66486.86
LOAN_00059,CUST_0031,318829.86,20,STAGE_1,0.0378,0.0292,0.0292,0.6204,318829.86,5775.82
LOAN_00060,CUST_0103,43234.22,90,STAGE_3,0.0396,0.4549,0.4549,0.5297,43234.22,10417.74
LOAN_00061,CUST_0055,895642.15,20,STAGE_1,0.051,0.0113,0.0113,0.4592,895642.15,4647.45
LOAN_00062,CUST_0293,154418.16,30,STAGE_2,0.0434,0.1956,,0.2208,154418.16,6669.09
LOAN_00063,CUST_0001,89368.06,30,STAGE_2,0.0104,0.0921,0.0921,0.2061,89368.06,1696.37
LOAN_00064,CUST_0295,956718.89,30,STAGE_1,0.0315,0.1304,0.1304,0.3749,956718.89,46771.08
LOAN_00065,CUST_0036,775780.26,20,STAGE_1,0.0189,0.0215,,0.2492,775780.26,4156.48
LOAN_00066,CUST_0247,662001.21,30,STAGE_2,0.0249,0.0836,0.0836,0.2411,662001.21,13343.27
LOAN_00067,CUST_0029,968020.73,0,STAGE_1,0.0627,0.0643,0.0643,0.391,968020.73,24337.3
LOAN_00068,CUST_0175,209658.83,0,STAGE_1,0.0511,0.0786,0.0786,0.522,209658.83,8602.13
LOAN_00069,CUST_0091,532650.62,0,STAGE_1,0.0776,0.0809,0.0809,0.3464,532650.62,14926.87
LOAN_00070,CUST_0200,980070.48,20,STAGE_1,0.0487,0.0761,0.0761,0.6059,980070.48,45190.06
LOAN_00071,CUST_0225,658196.21,0,STAGE_1,0.0304,0.0932,0.0932,0.3123,658196.21,19157.7
LOAN_00072,CUST_0123,375306.19,0,STAGE_1,0.038,0.0632,0.0632,0.6715,375306.19,15927.54
LOAN_00073,CUST_0274,244489.25,0,STAGE_1,0.0198,0.0893,0.0893,0.5229,,11416.42
LOAN_00074,CUST_0174,289477.26,45,STAGE_1,0.0696,0.2239,0.2239,0.6595,289477.26,42744.81
LOAN_00075,CUST_0268,255979.82,30,STAGE_2,0.0395,0.2231,0.2231,0.5642,255979.82,32220.95
LOAN_00076,CUST_0037,777565.21,20,STAGE_1,0.0183,0.0568,0.0568,,777565.21,30075.92
LOAN_00077,CUST_0024,937701.13,0,STAGE_1,0.0174,0.0175,0.0175,,937701.13,9238.7
LOAN_00078,CUST_0158,818696.4,0,STAGE_1,0.0429,0.0849,0.0849,0.5664,818696.4,39368.95
LOAN_00079,CUST_0033,544526.02,10,STAGE_1,0.0431,0.0333,0.0333,0.4825,544526.02,8749.04
LOAN_00080,CUST_0113,690440.88,60,STAGE_1,0.0527,0.2094,0.2094,0.28,690440.88,40481.93
LOAN_00081,CUST_0206,464249.69,0,STAGE_1,0.0235,0.074,0.074,0.6959,464249.69,23907.28
LOAN_00082,CUST_0110,103682.21,0,STAGE_1,0.065,0.0244,0.0244,0.4775,103682.21,1208.0
LOAN_00083,CUST_0073,734405.94,20,STAGE_1,0.0191,0.0388,0.0388,0.5919,734405.94,16866.16
LOAN_00084,CUST_0125,556455.38,0,STAGE_1,0.0621,0.0084,0.0084,0.5729,556455.38,2677.86
LOAN_00085,CUST_0193,206468.16,120,STAGE_2,0.0326,0.3308,,0.2744,206468.16,18741.43
LOAN_00086,CUST_0146,309076.19,60,STAGE_2,0.0797,0.1426,0.1426,0.4243,309076.19,18700.71
LOAN_00087,CUST_0139,723460.58,60,STAGE_2,0.0495,0.1466,0.1466,0.4063,723460.58,43091.9
LOAN_00088,CUST_0093,697140.06,0,STAGE_1,0.0515,0.0388,0.0388,0.5971,697140.06,16150.98
LOAN_00089,CUST_0155,97525.69,10,STAGE_1,0.0411,0.066,,0.2324,97525.69,1495.89
LOAN_00090,CUST_0272,582083.87,10,STAGE_1,0.047,0.0623,0.0623,0.5382,582083.87,19517.19
LOAN_00091,CUST_0260,805964.05,0,STAGE_1,0.0669,0.0523,0.0523,0.2385,805964.05,10053.23
LOAN_00092,CUST_0100,63258.17,0,STAGE_1,0.0639,0.0722,0.0722,0.5943,63258.17,2714.31
LOAN_00093,CUST_0255,519682.71,0,STAGE_1,0.0161,0.0362,0.0362,0.417,519682.71,7844.82
LOAN_00094,CUST_0146,93157.43,0,STAGE_1,0.0499,0.0749,0.0749,0.6992,93157.43,4878.66
LOAN_00095,CUST_0233,933447.76,20,STAGE_1,0.0366,0.0654,0.0654,0.5928,933447.76,35188.95
LOAN_00096,CUST_0249,122744.51,0,STAGE_1,0.068,0.0415,0.0415,0.4859,122744.51,2475.12
LOAN_00097,CUST_0297,589830.51,0,STAGE_1,0.0322,0.0368,0.0368,0.2131,589830.51,4625.5
LOAN_00098,CUST_0057,29070.81,45,STAGE_2,0.0255,0.1681,0.1681,0.3494,29070.81,1707.45
LOAN_00099,CUST_0113,940975.85,0,STAGE_1,0.0372,0.0879,0.0879,0.621,940975.85,53864.01
LOAN_00100,CUST_0233,190170.91,45,STAGE_2,0.0394,0.1621,0.1621,0.2667,190170.91,8221.48
LOAN_00101,CUST_0139,85198.51,30,STAGE_2,0.0422,0.1543,0.1543,0.5648,85198.51,7424.93
LOAN_00102,CUST_0239,766685.33,0,STAGE_1,0.0508,0.0179,0.0179,0.5757,766685.33,7900.72
LOAN_00103,CUST_0081,658670.38,120,STAGE_3,0.0102,0.2228,0.2228,0.3411,658670.38,50057.03
LOAN_00104,CUST_0045,265397.16,0,STAGE_1,0.073,0.0287,0.0287,0.336,265397.16,2559.28
LOAN_00105,CUST_0243,760601.27,0,STAGE_1,0.0633,0.0112,0.0112,0.4438,760601.27,3780.61
LOAN_00106,CUST_0127,38445.53,0,STAGE_1,0.073,0.0182,0.0182,0.4662,38445.53,326.2
LOAN_00107,CUST_0077,414040.12,0,STAGE_1,0.0725,0.0071,0.0071,0.5319,414040.12,1563.62
LOAN_00108,CUST_0241,963577.46,10,STAGE_1,0.0753,0.01,0.01,0.4094,963577.46,3944.89
LOAN_00109,CUST_0051,263857.0,30,STAGE_2,0.0786,0.1236,0.1236,,263857.0,17190.17
LOAN_00110,CUST_0112,202107.14,10,STAGE_1,0.0398,0.0973,0.0973,0.5043,202107.14,9917.07
LOAN_00111,CUST_0246,352758.84,0,STAGE_1,0.0163,0.0264,0.0264,0.3255,352758.84,3031.33
LOAN_00112,CUST_0299,851362.98,10,STAGE_1,0.0443,0.0159,0.0159,0.6301,851362.98,9529.46
LOAN_00113,CUST_0095,724200.23,0,STAGE_1,0.0581,0.0566,0.0566,0.2409,724200.23,9874.43
LOAN_00114,CUST_0037,461009.14,10,STAGE_1,0.0174,0.0948,0.0948,0.625,461009.14,27314.79
LOAN_00115,CUST_0139,670677.23,10,STAGE_1,0.0359,0.0668,0.0668,0.4727,670677.23,21177.55
LOAN_00116,CUST_0042,66961.74,10,STAGE_1,0.0655,0.0486,0.0486,0.226,66961.74,735.48
LOAN_00117,CUST_0187,787346.81,0,STAGE_1,0.0244,0.0206,0.0206,0.3651,787346.81,5921.68
LOAN_00118,CUST_0188,757967.75,10,STAGE_1,0.0204,0.0884,0.0884,0.6398,757967.75,42869.38
LOAN_00119,CUST_0105,871225.53,0,STAGE_1,0.0388,0.0986,0.0986,0.586,871225.53,50339.06
LOAN_00120,CUST_0298,32031.58,0,STAGE_1,0.0398,0.0914,0.0914,0.4694,32031.58,1374.26
LOAN_00121,CUST_0165,500323.45,0,STAGE_1,0.0543,0.0831,0.0831,0.3902,500323.45,16223.3
LOAN_00122,CUST_0033,776733.79,120,STAGE_3,0.0203,0.4093,0.4093,0.3436,776733.79,109236.33
LOAN_00123,CUST_0273,793890.15,10,STAGE_1,0.0526,0.0808,0.0808,0.398,793890.15,25530.24
LOAN_00124,CUST_0034,915514.62,10,STAGE_1,0.0168,0.0711,0.0711,0.5966,915514.62,38834.54
LOAN_00125,CUST_0092,320177.87,60,STAGE_2,0.073,0.1271,0.1271,0.6918,320177.87,28152.53
LOAN_00126,CUST_0255,145007.97,0,STAGE_1,0.0188,0.0899,0.0899,0.5271,,6871.39
LOAN_00127,CUST_0214,156343.76,0,STAGE_1,0.0511,0.0129,0.0129,0.6412,156343.76,1293.19
LOAN_00128,CUST_0228,804585.52,10,STAGE_1,0.0775,0.0447,,0.6921,,24891.36
LOAN_00129,CUST_0119,669580.4,20,STAGE_1,0.0174,0.0888,0.0888,0.4137,669580.4,24598.08
LOAN_00130,CUST_0168,166422.24,0,STAGE_1,0.047,0.0551,0.0551,0.5597,166422.24,5132.37
LOAN_00131,CUST_0235,890806.76,0,STAGE_1,0.0599,0.0228,0.0228,0.6291,890806.76,12777.27
LOAN_00132,CUST_0134,819968.2,10,STAGE_1,0.0583,0.0349,0.0349,0.4356,819968.2,12465.52
LOAN_00133,CUST_0076,822528.71,10,STAGE_1,0.0318,0.052,0.052,0.6141,822528.71,26265.97
LOAN_00134,CUST_0275,338532.01,0,STAGE_1,0.0584,0.0835,0.0835,0.2503,338532.01,7075.34
LOAN_00135,CUST_0079,243674.74,0,STAGE_1,0.0311,0.0478,0.0478,0.5744,243674.74,6690.41
LOAN_00136,CUST_0226,652891.85,20,STAGE_1,0.0314,0.0849,0.0849,0.4356,652891.85,24145.53
LOAN_00137,CUST_0163,979209.41,20,STAGE_1,0.0145,0.0692,0.0692,0.3626,979209.41,24570.24
LOAN_00138,CUST_0274,687895.56,0,STAGE_1,0.0181,0.0863,0.0863,0.3136,687895.56,18616.99
LOAN_00139,CUST_0075,837855.92,0,STAGE_1,0.0532,0.0709,0.0709,0.4563,837855.92,27106.04
LOAN_00140,CUST_0280,308784.12,0,STAGE_1,0.0075,0.0339,0.0339,0.5266,308784.12,5512.33
LOAN_00141,CUST_0149,938613.29,60,STAGE_2,0.0625,0.214,0.214,0.5325,938613.29,106959.68
LOAN_00142,CUST_0227,263985.42,90,STAGE_3,0.0553,0.4242,0.4242,0.2555,263985.42,28611.56
LOAN_00143,CUST_0013,449820.27,10,STAGE_1,0.0698,0.0569,0.0569,0.3902,449820.27,9987.08
LOAN_00144,CUST_0029,976916.33,0,STAGE_1,0.0367,0.009,0.009,0.57,976916.33,5011.58
LOAN_00145,CUST_0143,918486.17,0,STAGE_1,0.0694,0.0328,0.0328,0.6554,918486.17,19744.81
LOAN_00146,CUST_0045,755192.09,45,STAGE_2,0.0064,0.2437,0.2437,0.5633,755192.09,103669.91
LOAN_00147,CUST_0029,308227.34,45,STAGE_2,0.0261,0.2284,0.2284,0.2563,308227.34,18043.3
LOAN_00148,CUST_0191,705167.55,10,STAGE_1,0.0122,0.028,0.028,0.2062,705167.55,4571.360000000001
LOAN_00149,CUST_0045,471424.13,0,STAGE_1,0.0499,0.0332,0.0332,0.35,471424.13,5477.95
LOAN_00150,CUST_0227,744477.23,0,STAGE_1,0.0727,0.086,0.086,0.5339,744477.23,34182.97
LOAN_00151,CUST_0213,595255.46,60,STAGE_2,0.0189,0.0934,0.0934,0.3198,595255.46,17779.88
LOAN_00152,CUST_0269,795605.39,0,STAGE_1,0.0487,0.0996,0.0996,0.6278,795605.39,49748.31
LOAN_00153,CUST_0046,523838.46,0,STAGE_1,0.0674,0.0619,0.0619,0.2575,523838.46,8849.59
LOAN_00154,CUST_0071,98388.0,90,STAGE_3,0.0552,0.5317,0.5317,0.6395,98388.0,33454.1
LOAN_00155,CUST_0300,573913.49,10,STAGE_1,0.0373,0.0351,0.0351,0.4173,,8406.24
LOAN_00156,CUST_0002,775010.26,20,STAGE_1,0.0719,0.0471,0.0471,0.5035,775010.26,18379.25
LOAN_00157,CUST_0064,633151.02,10,STAGE_1,0.0577,0.0276,0.0276,0.4562,633151.02,7972.08
LOAN_00158,CUST_0126,108703.68,0,STAGE_1,0.0416,0.067,0.067,0.6753,108703.68,5418.31
LOAN_00159,CUST_0186,602647.81,30,STAGE_2,0.043,0.1878,0.1878,0.2355,602647.81,26653.24
LOAN_00160,CUST_0062,258119.62,0,STAGE_1,0.0404,0.0093,0.0093,,258119.62,648.14
LOAN_00161,CUST_0298,280430.24,120,STAGE_1,0.0299,0.3928,0.3928,0.298,280430.24,32825.59
LOAN_00162,CUST_0215,612726.17,0,STAGE_1,0.0205,0.0541,0.0541,0.2028,612726.17,6722.51
LOAN_00163,CUST_0040,12625.71,0,STAGE_1,0.0078,0.0153,0.0153,0.3694,12625.71,71.36
LOAN_00164,CUST_0086,803572.75,10,STAGE_1,0.0435,0.0329,0.0329,0.6659,803572.75,17604.76
LOAN_00165,CUST_0155,400029.97,0,STAGE_1,0.0513,0.0158,0.0158,0.3726,400029.97,2355.01
LOAN_00166,CUST_0181,509874.88,60,STAGE_2,0.042,0.1994,0.1994,0.6964,509874.88,73302.33
LOAN_00167,CUST_0084,135831.67,0,STAGE_1,0.0346,0.0451,0.0451,0.4055,135831.67,2484.1
LOAN_00168,CUST_0287,908072.95,30,STAGE_2,0.0506,0.1326,0.1326,0.6119,908072.95,73679.17
LOAN_00169,CUST_0059,955285.21,45,STAGE_2,0.0051,0.1882,0.1882,0.2256,,40559.42
LOAN_00170,CUST_0179,261319.18,0,STAGE_1,0.0503,0.0702,0.0702,0.2572,261319.18,4718.23
LOAN_00171,CUST_0268,386919.69,10,STAGE_1,0.0327,0.0165,0.0165,0.4095,,2614.32
LOAN_00172,CUST_0061,752422.16,0,STAGE_1,0.011,0.0387,0.0387,0.6709,752422.16,19535.76
LOAN_00173,CUST_0065,670229.78,20,STAGE_1,0.0321,0.0614,0.0614,0.2051,670229.78,8440.3
LOAN_00174,CUST_0058,637915.57,90,STAGE_1,0.0509,0.5495,0.5495,0.562,637915.57,197000.45
LOAN_00175,CUST_0263,124955.62,90,STAGE_3,0.01,0.4136,0.4136,0.2711,,14010.89
LOAN_00176,CUST_0050,16648.08,0,STAGE_1,0.0271,0.0512,0.0512,0.4886,16648.08,416.47
LOAN_00177,CUST_0095,48520.38,0,STAGE_1,0.0469,0.0376,,0.5646,48520.38,1030.04
LOAN_00178,CUST_0143,654030.19,45,STAGE_2,0.0569,0.1531,0.1531,0.5365,654030.19,53720.83
LOAN_00179,CUST_0124,279004.27,0,STAGE_1,0.0642,0.0474,0.0474,0.5992,279004.27,7924.3
LOAN_00180,CUST_0271,823310.26,60,STAGE_2,0.0737,0.1533,0.1533,0.3594,823310.26,45361.12
LOAN_00181,CUST_0051,584287.75,0,STAGE_1,0.0501,0.072,0.072,0.5442,584287.75,22893.8
LOAN_00182,CUST_0095,377680.12,0,STAGE_1,0.0373,0.0185,0.0185,0.645,377680.12,4506.67
LOAN_00183,CUST_0195,349148.07,0,STAGE_1,0.0069,0.0664,0.0664,0.5185,349148.07,12020.61
LOAN_00184,CUST_0161,343901.15,0,STAGE_1,0.0357,0.0346,0.0346,0.5386,343901.15,6408.79
LOAN_00185,CUST_0148,607750.35,0,STAGE_1,0.0213,0.0989,0.0989,0.427,607750.35,25665.48
LOAN_00186,CUST_0146,689832.86,0,STAGE_1,0.0414,0.0076,0.0076,0.4527,689832.86,2373.38
LOAN_00187,CUST_0116,964197.32,0,STAGE_1,0.0079,0.0079,0.0079,0.394,964197.32,3001.16
LOAN_00188,CUST_0036,164224.81,0,STAGE_1,0.0617,0.0486,0.0486,0.3446,164224.81,2750.36
LOAN_00189,CUST_0007,900582.77,0,STAGE_1,0.0767,0.0348,0.0348,0.6442,900582.77,20189.41
LOAN_00190,CUST_0044,604928.16,45,STAGE_1,0.0788,0.129,0.129,0.6806,604928.16,53111.12
LOAN_00191,CUST_0087,392534.49,0,STAGE_1,0.0305,0.0564,0.0564,0.2771,392534.49,5634.7
LOAN_00192,CUST_0063,555942.93,10,STAGE_1,0.0621,0.0842,0.0842,0.4202,555942.93,19669.73
LOAN_00193,CUST_0298,305821.58,0,STAGE_1,0.0196,0.0105,0.0105,0.3712,305821.58,1191.97
LOAN_00194,CUST_0183,273896.45,120,STAGE_3,0.0468,0.3389,0.3389,0.4902,273896.45,45502.08
LOAN_00195,CUST_0056,143500.72,0,STAGE_1,0.052,0.0514,0.0514,0.4009,143500.72,2957.01
LOAN_00196,CUST_0016,993879.15,60,STAGE_1,0.0518,0.1768,0.1768,,993879.15,88668.81
LOAN_00197,CUST_0168,205305.55,0,STAGE_1,0.008,0.0502,0.0502,0.4715,205305.55,4859.44
LOAN_00198,CUST_0267,231610.99,120,STAGE_3,0.0732,0.4889,0.4889,0.4667,231610.99,52846.59
LOAN_00199,CUST_0176,870619.31,0,STAGE_1,0.0643,0.0169,0.0169,,870619.31,8785.41
LOAN_00200,CUST_0221,279388.73,60,STAGE_2,0.0758,0.1053,0.1053,0.4313,279388.73,12688.69
LOAN_00201,CUST_0019,981082.44,10,STAGE_1,0.0698,0.0609,0.0609,0.3877,981082.44,25664.27
LOAN_00202,CUST_0085,289354.64,0,STAGE_1,0.0621,0.0417,0.0417,0.4556,289354.64,5497.31
LOAN_00203,CUST_0057,494863.85,10,STAGE_1,0.0699,0.0982,0.0982,0.4038,494863.85,19622.92
LOAN_00204,CUST_0241,828381.33,30,STAGE_2,0.048,0.2425,0.2425,0.3002,828381.33,60304.92
LOAN_00205,CUST_0194,113717.89,60,STAGE_2,0.0379,0.224,0.224,0.6465,,16468.17
LOAN_00206,CUST_0024,67145.31,60,STAGE_2,0.0386,0.1668,0.1668,0.5133,67145.31,5748.88
LOAN_00207,CUST_0175,926750.69,0,STAGE_1,0.0408,0.0703,0.0703,0.5614,926750.69,36575.53
LOAN_00208,CUST_0029,694069.77,0,STAGE_1,0.0275,0.0391,0.0391,0.6022,694069.77,16342.58
LOAN_00209,CUST_0034,282366.07,0,STAGE_1,0.0768,0.0058,0.0058,0.6989,282366.07,1144.6
LOAN_00210,CUST_0020,678437.19,45,STAGE_2,0.0271,0.0824,0.0824,0.5689,678437.19,31803.34
LOAN_00211,CUST_0241,834973.87,30,STAGE_2,0.0157,0.2081,0.2081,0.5845,834973.87,101561.59
LOAN_00212,CUST_0251,660247.81,30,STAGE_1,0.0684,0.1843,0.1843,0.2443,660247.81,29727.32
LOAN_00213,CUST_0174,490189.67,0,STAGE_1,0.0356,0.0437,0.0437,0.233,490189.67,4991.16
LOAN_00214,CUST_0039,352076.43,0,STAGE_1,0.0656,0.095,0.095,0.2362,352076.43,7900.24
LOAN_00215,CUST_0294,955339.63,10,STAGE_1,0.0275,0.0123,0.0123,0.4503,955339.63,5291.33
LOAN_00216,CUST_0297,795542.97,30,STAGE_1,0.0088,0.0924,0.0924,0.4014,795542.97,29506.18
LOAN_00217,CUST_0108,298814.04,0,STAGE_1,0.0261,0.0813,0.0813,0.6646,298814.04,16145.51
LOAN_00218,CUST_0154,408077.18,90,STAGE_3,0.0291,0.3906,0.3906,0.313,408077.18,49890.62
LOAN_00219,CUST_0281,642273.66,120,STAGE_2,0.0503,0.3431,0.3431,0.5239,642273.66,115448.75
LOAN_00220,CUST_0240,127306.08,60,STAGE_2,0.0427,0.1564,0.1564,0.4929,127306.08,9813.97
LOAN_00221,CUST_0290,626659.94,0,STAGE_1,0.0562,0.028,0.028,0.557,626659.94,9773.39
LOAN_00222,CUST_0124,823422.12,45,STAGE_2,0.0464,0.1684,0.1684,0.2714,823422.12,37633.49
LOAN_00223,CUST_0033,776469.42,0,STAGE_1,0.0423,0.032,0.032,0.2669,776469.42,6631.67
LOAN_00224,CUST_0083,631409.91,0,STAGE_1,0.0611,0.0352,0.0352,0.2001,631409.91,4447.35
LOAN_00225,CUST_0099,513573.49,0,STAGE_1,0.0257,0.0722,0.0722,0.2313,513573.49,9076.61
LOAN_00226,CUST_0019,840141.8,0,STAGE_1,0.0235,0.0754,0.0754,,840141.8,22684.45
LOAN_00227,CUST_0143,106382.93,0,STAGE_1,0.0253,0.0851,0.0851,0.3567,106382.93,3229.27
LOAN_00228,CUST_0249,789987.81,60,STAGE_2,0.0375,0.2347,0.2347,0.3887,789987.81,71068.92
LOAN_00229,CUST_0209,964258.02,0,STAGE_1,0.0565,0.0519,0.0519,0.3938,964258.02,19707.72
LOAN_00230,CUST_0072,634548.32,30,STAGE_2,0.0053,0.1084,0.1084,0.5565,634548.32,38278.87
LOAN_00231,CUST_0298,668053.49,120,STAGE_3,0.0621,0.5803,0.5803,0.5513,668053.49,213723.27
LOAN_00232,CUST_0161,301561.95,0,STAGE_1,0.0636,0.0662,0.0662,0.2241,301561.95,4473.8
LOAN_00233,CUST_0121,363250.21,120,STAGE_3,0.0425,0.3731,0.3731,0.4288,363250.21,58114.69
LOAN_00234,CUST_0029,212838.31,0,STAGE_1,0.0327,0.01,0.01,0.5838,212838.31,1242.55
LOAN_00235,CUST_0217,419421.91,45,STAGE_2,0.0688,0.116,0.116,0.5287,419421.91,25722.81
LOAN_00236,CUST_0244,474920.4,60,STAGE_2,0.0212,0.1952,,0.5039,474920.4,46713.78
LOAN_00237,CUST_0028,298824.97,0,STAGE_1,0.0539,0.0752,0.0752,0.3578,298824.97,8040.35
LOAN_00238,CUST_0159,646608.44,0,STAGE_1,0.0585,0.0239,0.0239,0.6451,646608.44,9969.34
LOAN_00239,CUST_0274,290972.55,0,STAGE_1,0.0094,0.0156,0.0156,0.4579,290972.55,2078.49
LOAN_00240,CUST_0202,271254.71,45,STAGE_2,0.0061,0.1444,0.1444,0.3687,271254.71,14441.68
LOAN_00241,CUST_0153,24230.99,0,STAGE_1,0.036,0.0518,0.0518,0.4021,24230.99,504.7
LOAN_00242,CUST_0209,533282.99,10,STAGE_1,0.0057,0.0491,0.0491,0.6817,533282.99,17849.77
LOAN_00243,CUST_0252,521437.12,20,STAGE_1,0.0284,0.0785,0.0785,0.5865,521437.12,24007.1
LOAN_00244,CUST_0052,523689.57,120,STAGE_3,0.0144,0.2068,0.2068,0.5851,523689.57,63365.75
LOAN_00245,CUST_0168,808119.76,0,STAGE_1,0.0249,0.0067,,0.3467,808119.76,1877.17
LOAN_00246,CUST_0228,774276.16,10,STAGE_1,0.0311,0.0403,0.0403,0.2007,774276.16,6262.51
LOAN_00247,CUST_0161,303301.52,20,STAGE_1,0.0781,0.0855,0.0855,0.2118,303301.52,5492.46
LOAN_00248,CUST_0067,899067.8,45,STAGE_2,0.0635,0.1579,0.1579,0.399,899067.8,56643.16
LOAN_00249,CUST_0069,306401.15,0,STAGE_1,0.0221,0.0284,0.0284,0.442,306401.15,3846.19
LOAN_00250,CUST_0102,748707.18,10,STAGE_1,0.0093,0.096,0.096,0.6714,748707.18,48257.47
LOAN_00251,CUST_0293,786263.6,120,STAGE_3,0.0458,0.5851,0.5851,0.2378,786263.6,109398.19
LOAN_00252,CUST_0237,368852.34,0,STAGE_1,0.0197,0.0184,0.0184,0.5112,368852.34,3469.45
LOAN_00253,CUST_0220,782415.25,10,STAGE_1,0.016,0.0821,0.0821,0.518,782415.25,33274.4
LOAN_00254,CUST_0291,391224.88,20,STAGE_1,0.0245,0.0378,0.0378,0.6587,391224.88,9741.05
LOAN_00255,CUST_0233,294051.98,10,STAGE_1,0.0718,0.0722,0.0722,0.2311,294051.98,4906.38
LOAN_00256,CUST_0137,151566.53,0,STAGE_1,0.0523,0.0475,0.0475,0.2671,151566.53,1922.96
LOAN_00257,CUST_0111,958144.45,10,STAGE_1,0.0231,0.0526,0.0526,0.5398,958144.45,27205.06
LOAN_00258,CUST_0210,80858.02,0,STAGE_1,0.0655,0.0487,,0.4733,80858.02,1863.75
LOAN_00259,CUST_0231,435651.92,0,STAGE_1,0.0174,0.0473,0.0473,0.3046,435651.92,6276.69
LOAN_00260,CUST_0006,54729.13,45,STAGE_2,0.0786,0.2148,0.2148,0.6269,54729.13,7369.72
LOAN_00261,CUST_0197,245767.24,120,STAGE_3,0.0198,0.5806,0.5806,0.6974,245767.24,99513.72
LOAN_00262,CUST_0121,713164.19,120,STAGE_3,0.0477,0.3038,0.3038,0.4185,713164.19,90671.91
LOAN_00263,CUST_0024,595593.13,0,STAGE_1,0.0517,0.0982,0.0982,0.2951,595593.13,19759.59
LOAN_00264,CUST_0190,793632.14,90,STAGE_3,0.0758,0.5841,0.5841,0.4607,793632.14,213062.34
LOAN_00265,CUST_0240,977421.37,30,STAGE_2,0.0171,0.1611,0.1611,0.5592,977421.37,88053.08
LOAN_00266,CUST_0023,251103.61,20,STAGE_1,0.055,0.0205,0.0205,0.4825,251103.61,2483.73
LOAN_00267,CUST_0185,772768.78,10,STAGE_1,0.0059,0.0059,0.0059,0.3785,772768.78,1725.71
LOAN_00268,CUST_0136,926563.1,0,STAGE_1,0.0526,0.0261,0.0261,0.3608,926563.1,8725.33
LOAN_00269,CUST_0252,848801.88,30,STAGE_2,0.0122,0.1529,0.1529,0.2146,848801.88,27851.18
LOAN_00270,CUST_0028,483485.7,20,STAGE_1,0.0139,0.0324,0.0324,0.3989,483485.7,6248.74
LOAN_00271,CUST_0084,919933.37,120,STAGE_3,0.0084,0.5044,0.5044,0.3859,919933.37,179063.15
LOAN_00272,CUST_0288,395495.9,30,STAGE_2,0.0739,0.2417,0.2417,0.4886,395495.9,46705.94
LOAN_00273,CUST_0048,360335.55,45,STAGE_2,0.0238,0.1759,0.1759,0.3793,360335.55,24041.18
LOAN_00274,CUST_0289,658347.92,0,STAGE_1,0.0194,0.0922,0.0922,0.2509,658347.92,15229.55
LOAN_00275,CUST_0270,508428.12,0,STAGE_1,0.0079,0.0084,0.0084,0.2876,508428.12,1228.28
LOAN_00276,CUST_0256,867436.5,0,STAGE_1,0.0763,0.0603,0.0603,,867436.5,21879.78
LOAN_00277,CUST_0063,582188.39,10,STAGE_1,0.0619,0.0318,0.0318,0.3765,582188.39,6970.37
LOAN_00278,CUST_0079,894623.83,90,STAGE_1,0.0719,0.3678,0.3678,0.5902,894623.83,194200.97
LOAN_00279,CUST_0003,478954.05,10,STAGE_1,0.0204,0.0612,0.0612,0.2931,478954.05,8591.34
LOAN_00280,CUST_0292,334906.88,60,STAGE_2,0.0205,0.0921,0.0921,0.2345,334906.88,7233.13
LOAN_00281,CUST_0037,941080.6,10,STAGE_1,0.0357,0.082,0.082,0.6179,941080.6,47682.48
LOAN_00282,CUST_0123,335530.08,20,STAGE_1,0.0628,0.0672,0.0672,0.2758,335530.08,6218.63
LOAN_00283,CUST_0084,876503.67,10,STAGE_1,0.0262,0.0454,0.0454,0.2188,876503.67,8706.77
LOAN_00284,CUST_0079,132227.47,30,STAGE_2,0.005,0.1508,0.1508,0.4613,132227.47,9198.28
LOAN_00285,CUST_0068,59361.25,120,STAGE_2,0.022,0.3217,0.3217,0.352,59361.25,6721.97
LOAN_00286,CUST_0138,234264.58,0,STAGE_1,0.0597,0.0969,0.0969,0.3121,234264.58,7084.74
LOAN_00287,CUST_0096,664731.96,30,STAGE_2,0.0686,0.1518,0.1518,0.3515,664731.96,35468.57
LOAN_00288,CUST_0115,328668.66,30,STAGE_2,0.0663,0.1109,0.1109,0.3855,328668.66,14051.23
LOAN_00289,CUST_0043,902430.5,45,STAGE_2,0.0789,0.2082,0.2082,0.3966,902430.5,74515.6
LOAN_00290,CUST_0066,592684.64,20,STAGE_1,0.0109,0.0567,0.0567,0.5547,592684.64,18640.82
LOAN_00291,CUST_0292,171484.7,45,STAGE_1,0.0488,0.2419,0.2419,0.2212,171484.7,8175.85
LOAN_00292,CUST_0238,268999.51,20,STAGE_1,0.0272,0.0729,0.0729,0.5795,268999.51,11364.03
LOAN_00293,CUST_0042,107003.38,10,STAGE_1,0.0432,0.0401,,0.6665,107003.38,2859.84
LOAN_00294,CUST_0094,828368.79,20,STAGE_1,0.0586,0.0489,0.0489,0.6605,828368.79,26755.03
LOAN_00295,CUST_0161,696122.45,30,STAGE_2,0.0696,0.1266,0.1266,0.6035,696122.45,53185.91
LOAN_00296,CUST_0096,199264.4,0,STAGE_1,0.0302,0.098,0.098,0.6283,199264.4,12269.39
LOAN_00297,CUST_0055,702664.01,30,STAGE_2,0.0472,0.241,0.241,0.4481,702664.01,76882.16
LOAN_00298,CUST_0208,383615.12,0,STAGE_1,0.064,0.0748,0.0748,0.3922,383615.12,11253.95
LOAN_00299,CUST_0185,30067.45,45,STAGE_2,0.0059,0.1996,0.1996,0.6851,30067.45,4111.6
LOAN_00300,CUST_0070,440473.02,0,STAGE_1,0.0579,0.0826,0.0826,0.4732,440473.02,16216.470000000001
LOAN_00301,CUST_0014,967200.1,0,STAGE_1,0.0429,0.0733,0.0733,0.6313,967200.1,44756.5
LOAN_00302,CUST_0276,183359.33,45,STAGE_2,0.0465,0.1474,0.1474,0.2659,,7186.52
LOAN_00303,CUST_0086,865969.28,0,STAGE_1,0.0282,0.0326,0.0326,0.6357,865969.28,17946.19
LOAN_00304,CUST_0011,674339.48,45,STAGE_2,0.0238,0.1862,0.1862,0.4859,674339.48,61010.58
LOAN_00305,CUST_0027,833666.22,90,STAGE_3,0.0059,0.4696,0.4696,0.2259,833666.22,88437.51
LOAN_00306,CUST_0297,551114.37,0,STAGE_1,0.028,0.0385,0.0385,0.5106,551114.37,10833.86
LOAN_00307,CUST_0249,337379.72,30,STAGE_2,0.0353,0.0916,0.0916,0.5919,337379.72,18292.07
LOAN_00308,CUST_0119,289329.53,0,STAGE_1,0.0564,0.0366,0.0366,0.2283,289329.53,2417.57
LOAN_00309,CUST_0033,377051.44,90,STAGE_3,0.0531,0.4686,0.4686,0.5161,377051.44,91187.8
LOAN_00310,CUST_0230,202997.18,0,STAGE_1,0.0613,0.0146,,0.3389,202997.18,1004.42
LOAN_00311,CUST_0177,279937.51,0,STAGE_1,0.0785,0.0114,0.0114,0.4594,279937.51,1466.08
LOAN_00312,CUST_0240,183467.86,120,STAGE_3,0.0135,0.3614,0.3614,0.5689,183467.86,37721.08
LOAN_00313,CUST_0185,706031.66,0,STAGE_1,0.031,0.0428,0.0428,0.3321,706031.66,10035.45
LOAN_00314,CUST_0145,209306.27,10,STAGE_1,0.0251,0.0323,0.0323,0.5284,209306.27,3572.3
LOAN_00315,CUST_0081,968694.65,20,STAGE_1,0.0108,0.0122,0.0122,0.6757,968694.65,7985.47
LOAN_00316,CUST_0156,300804.34,0,STAGE_1,0.0499,0.0642,0.0642,0.5243,300804.34,10125.09
LOAN_00317,CUST_0134,271065.02,0,STAGE_1,0.0774,0.0288,0.0288,0.538,271065.02,4199.99
LOAN_00318,CUST_0017,708096.72,20,STAGE_1,0.0285,0.0308,0.0308,0.4988,708096.72,10878.52
LOAN_00319,CUST_0288,866765.16,90,STAGE_3,0.0129,0.2619,0.2619,0.6724,866765.16,152638.7
LOAN_00320,CUST_0137,737852.55,60,STAGE_2,0.0202,0.1799,0.1799,0.5506,737852.55,73086.46
LOAN_00321,CUST_0026,681711.33,0,STAGE_1,0.0062,0.0604,0.0604,0.3266,681711.33,13447.87
LOAN_00322,CUST_0057,453002.97,120,STAGE_3,0.0349,0.5359,0.5359,0.2943,453002.97,71445.53
LOAN_00323,CUST_0260,674098.2,120,STAGE_1,0.0126,0.2033,0.2033,0.4168,674098.2,57120.01
LOAN_00324,CUST_0227,97162.36,30,STAGE_2,0.0736,0.1538,0.1538,0.3294,97162.36,4922.41
LOAN_00325,CUST_0071,437231.3,30,STAGE_2,0.0057,0.1802,0.1802,0.5066,,39914.55
LOAN_00326,CUST_0243,639499.81,0,STAGE_1,0.0586,0.0137,0.0137,0.2996,639499.81,2624.84
LOAN_00327,CUST_0213,878082.7,30,STAGE_2,0.006,0.1222,0.1222,0.3072,878082.7,32963.08
LOAN_00328,CUST_0117,274452.3,0,STAGE_1,0.0097,0.0486,0.0486,0.5664,274452.3,7554.86
LOAN_00329,CUST_0265,608698.07,20,STAGE_1,0.0111,0.0954,0.0954,,608698.07,35956.82
LOAN_00330,CUST_0006,806064.87,45,STAGE_2,0.075,0.1725,0.1725,0.3001,806064.87,41727.76
LOAN_00331,CUST_0085,618699.69,30,STAGE_2,0.0603,0.1686,0.1686,0.2342,618699.69,24430.05
LOAN_00332,CUST_0295,374257.37,90,STAGE_1,0.0488,0.4153,0.4153,0.3344,374257.37,51975.49
LOAN_00333,CUST_0206,371606.68,60,STAGE_2,0.055,0.2139,0.2139,0.4272,371606.68,33956.7
LOAN_00334,CUST_0177,632095.98,0,STAGE_1,0.0579,0.0456,0.0456,0.4213,632095.98,12643.37
LOAN_00335,CUST_0207,651075.71,90,STAGE_3,0.0098,0.5299,0.5299,0.3462,651075.71,119440.74
LOAN_00336,CUST_0208,446699.86,0,STAGE_1,0.0276,0.0527,0.0527,0.2281,446699.86,5369.72
LOAN_00337,CUST_0200,493640.25,90,STAGE_3,0.0129,0.5058,0.5058,0.4048,493640.25,101071.77
LOAN_00338,CUST_0283,656897.85,0,STAGE_1,0.017,0.0202,0.0202,0.2352,,3120.95
LOAN_00339,CUST_0277,189718.47,20,STAGE_1,0.0711,0.0823,0.0823,0.5426,189718.47,8472.06
LOAN_00340,CUST_0259,114879.7,0,STAGE_1,0.0282,0.0287,0.0287,0.4575,114879.7,1508.4
LOAN_00341,CUST_0182,537876.05,0,STAGE_1,0.0315,0.0837,0.0837,0.5946,537876.05,26769.03
LOAN_00342,CUST_0294,311256.85,90,STAGE_3,0.0765,0.3307,0.3307,0.3772,311256.85,38826.19
LOAN_00343,CUST_0274,508105.98,90,STAGE_3,0.0707,0.241,0.241,0.3964,508105.98,48540.58
LOAN_00344,CUST_0072,555604.33,10,STAGE_1,0.0195,0.0866,0.0866,0.5385,555604.33,25910.11
LOAN_00345,CUST_0299,838718.83,60,STAGE_2,0.0611,0.1547,0.1547,0.5053,838718.83,65562.58
LOAN_00346,CUST_0211,164563.58,20,STAGE_1,0.0184,0.0709,0.0709,0.3148,164563.58,3672.95
LOAN_00347,CUST_0229,121963.54,0,STAGE_1,0.0051,0.0733,0.0733,0.5662,121963.54,7561.79
LOAN_00348,CUST_0136,517358.68,0,STAGE_1,0.0113,0.0068,0.0068,0.2829,517358.68,995.25
LOAN_00349,CUST_0251,891401.26,0,STAGE_1,0.0316,0.015,0.015,0.3112,891401.26,4161.06
LOAN_00350,CUST_0249,521628.45,20,STAGE_1,0.0234,0.0105,0.0105,0.3955,521628.45,2166.19
LOAN_00351,CUST_0061,238032.35,0,STAGE_1,0.077,0.0635,0.0635,0.4784,238032.35,7231.04
LOAN_00352,CUST_0287,418696.23,0,STAGE_1,0.0456,0.0712,0.0712,0.5511,418696.23,16428.94
LOAN_00353,CUST_0062,175835.44,10,STAGE_1,0.0359,0.0877,0.0877,0.5157,175835.44,7952.49
LOAN_00354,CUST_0157,534841.55,0,STAGE_1,0.0504,0.0161,0.0161,0.3686,534841.55,3174.0
LOAN_00355,CUST_0073,147127.75,20,STAGE_1,0.0205,0.0422,0.0422,0.6478,147127.75,4022.05
LOAN_00356,CUST_0146,208294.8,10,STAGE_1,0.0364,0.0067,0.0067,0.5964,208294.8,832.32
LOAN_00357,CUST_0179,73700.68,10,STAGE_1,0.0471,0.0647,0.0647,0.5443,73700.68,1595.46
LOAN_00358,CUST_0173,257006.02,0,STAGE_1,0.0593,0.0559,0.0559,0.6181,257006.02,8880.02
LOAN_00359,CUST_0071,822281.42,45,STAGE_2,0.0414,0.1367,0.1367,0.5958,822281.42,66971.42
LOAN_00360,CUST_0167,454037.64,0,STAGE_1,0.0691,0.0888,0.0888,0.4332,454037.64,17465.99
LOAN_00361,CUST_0203,80321.23,0,STAGE_1,0.0653,0.0907,0.0907,0.3017,80321.23,2197.93
LOAN_00362,CUST_0143,71638.74,60,STAGE_2,0.0342,0.1721,0.1721,0.684,71638.74,8433.05
LOAN_00363,CUST_0159,71231.9,20,STAGE_1,0.0106,0.0407,0.0407,0.6019,71231.9,1744.99
LOAN_00364,CUST_0278,436304.87,120,STAGE_2,0.0469,0.3285,0.3285,0.3101,436304.87,44445.44
LOAN_00365,CUST_0062,353767.93,0,STAGE_1,0.0102,0.0401,0.0401,0.4321,353767.93,6129.81
LOAN_00366,CUST_0106,724124.06,20,STAGE_1,0.0582,0.0058,0.0058,0.3088,724124.06,1296.94
LOAN_00367,CUST_0274,663375.87,10,STAGE_1,0.0054,0.0814,0.0814,0.5864,663375.87,31664.89
LOAN_00368,CUST_0012,550677.07,0,STAGE_1,0.0625,0.0605,0.0605,,550677.07,19689.73
LOAN_00369,CUST_0196,752988.26,45,STAGE_2,0.0439,0.1039,0.1039,0.5356,752988.26,41902.92
LOAN_00370,CUST_0131,622371.42,30,STAGE_2,0.0177,0.1131,0.1131,0.6452,622371.42,45415.76
LOAN_00371,CUST_0167,751227.91,90,STAGE_3,0.0619,0.4389,0.4389,0.5271,751227.91,173792.21
LOAN_00372,CUST_0133,889682.28,10,STAGE_1,0.0524,0.0199,0.0199,0.437,889682.28,7736.94
LOAN_00373,CUST_0122,717815.13,0,STAGE_1,0.0202,0.0348,0.0348,0.3208,717815.13,8013.57
LOAN_00374,CUST_0032,218838.07,0,STAGE_1,0.0731,0.0532,0.0532,0.294,,3422.8
LOAN_00375,CUST_0120,81586.81,20,STAGE_1,0.0337,0.0831,,0.5298,81586.81,3591.97
LOAN_00376,CUST_0052,797260.24,0,STAGE_1,0.0569,0.0301,0.0301,0.6695,797260.24,16066.35
LOAN_00377,CUST_0209,638192.41,0,STAGE_1,0.0252,0.0231,0.0231,0.5473,638192.41,8068.43
LOAN_00378,CUST_0073,222622.03,10,STAGE_1,0.0248,0.0679,0.0679,0.6075,222622.03,9182.99
LOAN_00379,CUST_0217,779135.12,30,STAGE_2,0.0191,0.095,0.095,0.5495,779135.12,40672.8
LOAN_00380,CUST_0149,371505.48,0,STAGE_1,0.0073,0.0297,0.0297,0.2168,371505.48,2392.11
LOAN_00381,CUST_0140,879789.84,0,STAGE_1,0.0468,0.0087,0.0087,0.5334,879789.84,4082.74
LOAN_00382,CUST_0109,326412.21,60,STAGE_2,0.0716,0.1353,0.1353,0.6505,326412.21,28728.4
LOAN_00383,CUST_0154,996176.89,45,STAGE_1,0.0684,0.1223,0.1223,0.4884,996176.89,59502.96
LOAN_00384,CUST_0222,71919.63,0,STAGE_1,0.0799,0.036,0.036,0.5741,71919.63,1486.41
LOAN_00385,CUST_0176,807631.73,60,STAGE_2,0.0798,0.1211,0.1211,0.2202,807631.73,21536.49
LOAN_00386,CUST_0165,414135.56,0,STAGE_1,0.0067,0.0392,0.0392,0.5919,,9608.97
LOAN_00387,CUST_0069,568349.79,0,STAGE_1,0.0541,0.027,,0.2072,568349.79,3179.58
LOAN_00388,CUST_0089,765531.62,20,STAGE_1,0.0622,0.0087,0.0087,0.6186,765531.62,4119.95
LOAN_00389,CUST_0276,621428.57,10,STAGE_1,0.0518,0.0871,0.0871,0.4935,621428.57,26711.39
LOAN_00390,CUST_0228,583045.63,120,STAGE_3,0.0618,0.3769,0.3769,0.5537,583045.63,121675.52
LOAN_00391,CUST_0005,392284.32,0,STAGE_1,0.0498,0.0932,0.0932,0.6646,,24298.37
LOAN_00392,CUST_0011,345195.75,10,STAGE_1,0.0209,0.0996,0.0996,0.6906,345195.75,23743.86
LOAN_00393,CUST_0156,651261.39,45,STAGE_2,0.0586,0.1808,0.1808,0.2267,651261.39,26693.49
LOAN_00394,CUST_0253,457490.52,20,STAGE_1,0.0558,0.0404,0.0404,0.6708,457490.52,12398.14
LOAN_00395,CUST_0203,171520.25,10,STAGE_1,0.0568,0.0712,0.0712,0.5243,171520.25,6402.88
LOAN_00396,CUST_0100,278911.77,0,STAGE_1,0.0527,0.0619,0.0619,0.2897,278911.77,5001.57
LOAN_00397,CUST_0034,706613.45,10,STAGE_1,0.0551,0.0845,0.0845,0.2849,706613.45,17011.05
LOAN_00398,CUST_0117,24049.14,30,STAGE_2,0.0507,0.1989,0.1989,0.6191,,2961.39
LOAN_00399,CUST_0273,803796.88,120,STAGE_3,0.0452,0.3954,,0.4009,803796.88,127414.55
LOAN_00400,CUST_0027,157922.59,10,STAGE_1,0.0258,0.0925,0.0925,0.4916,157922.59,7181.21
LOAN_00401,CUST_0063,594875.98,0,STAGE_1,0.0089,0.008,0.008,0.4117,594875.98,1959.28
LOAN_00402,CUST_0115,89142.55,20,STAGE_1,0.0711,0.0889,0.0889,0.5295,89142.55,5196.17
LOAN_00403,CUST_0172,215175.67,60,STAGE_1,0.0715,0.1134,,0.5687,215175.67,13876.8
LOAN_00404,CUST_0217,290086.95,45,STAGE_2,0.0798,0.0851,0.0851,0.6487,290086.95,16014.07
LOAN_00405,CUST_0050,624517.38,120,STAGE_1,0.0399,0.539,0.539,0.2312,624517.38,78325.36
LOAN_00406,CUST_0175,338602.65,0,STAGE_1,0.0782,0.0826,0.0826,0.6263,338602.65,17516.72
LOAN_00407,CUST_0038,938275.41,0,STAGE_1,0.0339,0.0117,0.0117,0.3054,938275.41,3352.63
LOAN_00408,CUST_0297,233218.95,10,STAGE_1,0.0251,0.0146,0.0146,0.2837,233218.95,966.0
LOAN_00409,CUST_0034,151539.19,120,STAGE_2,0.0619,0.5871,0.5871,0.4199,151539.19,37357.94
LOAN_00410,CUST_0053,281976.64,45,STAGE_2,0.0295,0.1309,0.1309,0.3163,281976.64,11674.87
LOAN_00411,CUST_0211,134030.58,0,STAGE_1,0.0316,0.069,0.069,0.2313,,2139.09
LOAN_00412,CUST_0197,214454.4,45,STAGE_2,0.016,0.1382,0.1382,0.6323,214454.4,18739.85
LOAN_00413,CUST_0014,159150.68,0,STAGE_1,0.0413,0.0337,0.0337,0.4817,159150.68,2583.54
LOAN_00414,CUST_0035,804785.87,0,STAGE_1,0.0486,0.053,0.053,0.272,804785.87,11601.79
LOAN_00415,CUST_0261,625878.49,0,STAGE_1,0.0416,0.0128,0.0128,0.4298,625878.49,3443.23
LOAN_00416,CUST_0125,309931.15,45,STAGE_2,0.0093,0.1512,0.1512,0.4292,309931.15,19612.99
LOAN_00417,CUST_0184,726381.05,10,STAGE_1,0.055,0.0788,0.0788,0.6311,726381.05,36123.42
LOAN_00418,CUST_0159,317306.12,10,STAGE_1,0.068,0.099,0.099,0.6448,317306.12,20255.3
LOAN_00419,CUST_0075,374609.93,0,STAGE_1,0.0417,0.0755,0.0755,0.4463,374609.93,15122.73
LOAN_00420,CUST_0177,485764.96,45,STAGE_2,0.0321,0.2262,0.2262,0.4034,485764.96,44325.61
LOAN_00421,CUST_0244,331591.94,10,STAGE_1,0.0622,0.017,0.017,0.2982,331591.94,1680.97
LOAN_00422,CUST_0297,951687.6,0,STAGE_1,0.0476,0.06,0.06,0.4448,951687.6,25398.64
LOAN_00423,CUST_0054,646521.52,0,STAGE_1,0.0464,0.0404,0.0404,0.5308,646521.52,13864.21
LOAN_00424,CUST_0002,145517.43,10,STAGE_1,0.0189,0.0315,0.0315,0.3094,145517.43,1418.23
LOAN_00425,CUST_0247,186923.59,45,STAGE_2,0.0264,0.2376,0.2376,0.685,186923.59,30422.94
LOAN_00426,CUST_0095,573404.17,0,STAGE_1,0.0331,0.0808,,,573404.17,17777.23
LOAN_00427,CUST_0285,91582.13,10,STAGE_1,0.0684,0.0806,0.0806,0.2876,91582.13,2122.93
LOAN_00428,CUST_0185,674400.79,0,STAGE_1,0.0214,0.088,0.088,0.3248,674400.79,18275.99
LOAN_00429,CUST_0135,266931.11,0,STAGE_1,0.0703,0.0803,0.0803,0.5137,266931.11,11010.94
LOAN_00430,CUST_0012,751514.44,0,STAGE_1,0.0394,0.0384,0.0384,0.2469,751514.44,7125.08
LOAN_00431,CUST_0071,488699.83,90,STAGE_3,0.008,0.3166,0.3166,0.3038,488699.83,47004.65
LOAN_00432,CUST_0191,241955.92,90,STAGE_3,0.0401,0.3865,0.3865,0.5803,241955.92,54267.31
LOAN_00433,CUST_0034,158719.74,10,STAGE_1,0.0372,0.0617,0.0617,0.6998,158719.74,6853.15
LOAN_00434,CUST_0273,770601.65,0,STAGE_1,0.0671,0.0212,0.0212,0.2152,770601.65,3515.67
LOAN_00435,CUST_0126,208426.13,0,STAGE_1,0.0433,0.0634,0.0634,0.6553,208426.13,8659.28
LOAN_00436,CUST_0151,512304.74,10,STAGE_1,0.0088,0.0083,0.0083,0.4756,512304.74,2022.31
LOAN_00437,CUST_0065,440987.72,45,STAGE_2,0.0171,0.0842,0.0842,0.4245,440987.72,15762.18
LOAN_00438,CUST_0241,241291.16,0,STAGE_1,0.0593,0.0156,0.0156,0.5042,241291.16,1897.88
LOAN_00439,CUST_0261,284644.5,0,STAGE_1,0.0335,0.0811,0.0811,0.396,284644.5,9141.53
LOAN_00440,CUST_0270,752015.8,0,STAGE_1,0.063,0.0275,0.0275,0.5387,752015.8,11140.55
LOAN_00441,CUST_0206,567952.65,90,STAGE_3,0.034,0.2265,0.2265,0.2096,567952.65,26963.21
LOAN_00442,CUST_0121,827724.27,10,STAGE_1,0.0631,0.0273,0.0273,0.3725,827724.27,8417.34
LOAN_00443,CUST_0192,34953.35,120,STAGE_2,0.0551,0.5733,0.5733,0.3327,34953.35,6666.89
LOAN_00444,CUST_0022,613406.29,20,STAGE_1,0.0288,0.0856,0.0856,0.6736,613406.29,35369.1
LOAN_00445,CUST_0210,885430.84,30,STAGE_2,0.0258,0.1279,0.1279,,885430.84,77200.21
LOAN_00446,CUST_0136,15233.07,30,STAGE_2,0.058,0.1859,0.1859,0.6951,15233.07,1968.4
LOAN_00447,CUST_0041,315320.04,0,STAGE_1,0.0109,0.0471,0.0471,0.3305,315320.04,4908.45
LOAN_00448,CUST_0020,346669.77,45,STAGE_2,0.0752,0.1116,0.1116,0.3863,346669.77,14945.31
LOAN_00449,CUST_0141,928987.41,0,STAGE_1,0.0119,0.0205,0.0205,0.4976,928987.41,9476.41
LOAN_00450,CUST_0279,154719.91,120,STAGE_2,0.0385,0.4006,0.4006,0.3233,154719.91,20038.39
LOAN_00451,CUST_0208,473605.45,20,STAGE_1,0.0613,0.0766,0.0766,,473605.45,17736.4
LOAN_00452,CUST_0077,904837.98,45,STAGE_2,0.0618,0.0895,0.0895,0.2034,904837.98,16471.94
LOAN_00453,CUST_0283,216385.04,20,STAGE_1,0.0358,0.0432,0.0432,0.6423,216385.04,6004.11
LOAN_00454,CUST_0161,896085.03,90,STAGE_3,0.0285,0.4764,0.4764,0.3358,896085.03,143351.31
LOAN_00455,CUST_0016,194656.78,0,STAGE_1,0.0307,0.0458,0.0458,0.6155,194656.78,5487.36
LOAN_00456,CUST_0005,124291.64,30,STAGE_2,0.0449,0.129,0.129,0.4464,124291.64,7157.41
LOAN_00457,CUST_0207,303442.36,10,STAGE_1,0.0375,0.0206,0.0206,0.2583,303442.36,1614.61
LOAN_00458,CUST_0291,548962.2,90,STAGE_3,0.0308,0.4932,0.4932,0.5293,548962.2,143307.0
LOAN_00459,CUST_0294,931897.14,45,STAGE_2,0.0475,0.1917,0.1917,0.6492,931897.14,115976.13
LOAN_00460,CUST_0097,402521.19,0,STAGE_1,0.0058,0.0835,0.0835,0.6005,402521.19,20183.12
LOAN_00461,CUST_0156,108932.25,10,STAGE_1,0.0398,0.0163,0.0163,0.6903,108932.25,1225.69
LOAN_00462,CUST_0251,218622.41,0,STAGE_1,0.0496,0.0752,0.0752,0.2162,218622.41,3054.42
LOAN_00463,CUST_0120,660424.05,10,STAGE_1,0.0127,0.0214,0.0214,0.484,660424.05,6840.41
LOAN_00464,CUST_0006,299875.83,90,STAGE_3,0.0664,0.5934,0.5934,0.3298,299875.83,58686.7
LOAN_00465,CUST_0245,969875.01,0,STAGE_1,0.0311,0.0098,0.0098,0.2264,969875.01,2151.88
LOAN_00466,CUST_0106,693551.2,10,STAGE_1,0.022,0.0633,0.0633,0.3264,693551.2,14329.54
LOAN_00467,CUST_0295,579743.6,0,STAGE_1,0.0668,0.083,0.083,0.4387,579743.6,21109.68
LOAN_00468,CUST_0142,354065.01,0,STAGE_1,0.0654,0.0362,0.0362,0.3045,354065.01,3902.82
LOAN_00469,CUST_0127,89264.9,10,STAGE_1,0.0412,0.0849,0.0849,0.3106,89264.9,2353.91
LOAN_00470,CUST_0295,384086.32,45,STAGE_1,0.0668,0.1454,0.1454,0.4296,384086.32,23991.51
LOAN_00471,CUST_0153,306769.46,90,STAGE_3,0.0139,0.5735,0.5735,0.5419,306769.46,95337.71
LOAN_00472,CUST_0222,533914.29,0,STAGE_1,0.0407,0.0437,0.0437,0.2806,533914.29,6546.97
LOAN_00473,CUST_0202,658127.56,120,STAGE_2,0.0472,0.4859,0.4859,0.2342,658127.56,74893.46
LOAN_00474,CUST_0035,420578.66,0,STAGE_1,0.051,0.0942,0.0942,0.5309,420578.66,21033.47
LOAN_00475,CUST_0284,81419.03,0,STAGE_1,0.0463,0.0433,0.0433,0.6168,81419.03,2174.49
LOAN_00476,CUST_0167,815597.65,20,STAGE_1,0.033,0.0293,0.0293,0.2529,815597.65,6043.55
LOAN_00477,CUST_0014,358123.2,0,STAGE_1,0.0557,0.0675,0.0675,0.2351,358123.2,6683.15
LOAN_00478,CUST_0204,398283.02,0,STAGE_1,0.0168,0.0836,0.0836,0.221,398283.02,7858.52
LOAN_00479,CUST_0238,422086.96,0,STAGE_1,0.0709,0.0579,0.0579,0.3157,422086.96,7715.34
LOAN_00480,CUST_0225,504915.15,30,STAGE_2,0.0769,0.1175,0.1175,0.6431,,38153.53
LOAN_00481,CUST_0052,934632.59,90,STAGE_3,0.0527,0.4519,0.4519,0.4016,,169619.96
LOAN_00482,CUST_0140,753635.89,10,STAGE_1,0.0558,0.0457,0.0457,0.5657,753635.89,19483.36
LOAN_00483,CUST_0273,825349.16,0,STAGE_1,0.0675,0.0563,0.0563,0.6223,825349.16,28916.51
LOAN_00484,CUST_0053,434145.2,0,STAGE_1,0.0736,0.0289,0.0289,0.6221,,7805.36
LOAN_00485,CUST_0194,486600.47,10,STAGE_1,0.0281,0.0594,0.0594,0.3626,486600.47,10480.62
LOAN_00486,CUST_0047,44073.07,0,STAGE_1,0.0055,0.0979,0.0979,0.6829,44073.07,1946.5500000000002
LOAN_00487,CUST_0033,398179.52,30,STAGE_2,0.0309,0.1941,0.1941,0.6027,398179.52,46580.66
LOAN_00488,CUST_0086,947022.46,0,STAGE_1,0.0637,0.0303,0.0303,0.6952,947022.46,22448.61
LOAN_00489,CUST_0098,30640.75,20,STAGE_1,0.0545,0.0704,0.0704,0.2602,30640.75,561.28
LOAN_00490,CUST_0119,938837.13,0,STAGE_1,0.0517,0.0262,0.0262,0.3536,938837.13,8697.69
LOAN_00491,CUST_0162,548726.25,0,STAGE_1,0.017,0.0212,0.0212,0.4091,548726.25,4259.06
LOAN_00492,CUST_0189,758496.56,60,STAGE_1,0.0113,0.1468,0.1468,0.2501,758496.56,27847.96
LOAN_00493,CUST_0053,21509.52,20,STAGE_1,0.0502,0.0205,0.0205,0.3169,21509.52,139.74
LOAN_00494,CUST_0129,28589.21,45,STAGE_2,0.0781,0.103,0.103,0.3157,28589.21,929.64
LOAN_00495,CUST_0069,869067.48,90,STAGE_3,0.0365,0.2202,0.2202,0.2197,869067.48,42043.69
LOAN_00496,CUST_0172,576080.12,0,STAGE_1,0.0071,0.0604,0.0604,0.2057,576080.12,9657.380000000001
LOAN_00497,CUST_0258,788435.1,0,STAGE_1,0.008,0.0609,0.0609,0.3988,788435.1,19148.66
LOAN_00498,CUST_0064,973931.41,10,STAGE_1,0.0256,0.0724,0.0724,0.3357,973931.41,23671.09
LOAN_00499,CUST_0031,904722.07,0,STAGE_1,0.0462,0.0098,0.0098,0.4131,904722.07,3662.66
LOAN_00500,CUST_0020,833201.72,45,STAGE_2,0.0218,0.1184,0.1184,0.6087,833201.72,60048.91
LOAN_00501,CUST_0069,930746.43,0,STAGE_1,0.0388,0.0371,0.0371,0.6353,930746.43,21937.35
LOAN_00502,CUST_0213,88107.29,0,STAGE_1,0.0614,0.0099,0.0099,,88107.29,389.29
LOAN_00503,CUST_0170,444896.5,0,STAGE_1,0.0346,0.0553,0.0553,0.2807,444896.5,6906.0
LOAN_00504,CUST_0128,574135.9,45,STAGE_2,0.062,0.1062,0.1062,0.2746,574135.9,16743.25
LOAN_00505,CUST_0094,271833.5,0,STAGE_1,0.0356,0.0696,,0.2283,271833.5,4319.35
LOAN_00506,CUST_0099,39499.34,0,STAGE_1,0.0573,0.0234,0.0234,0.5208,39499.34,-18.629999999999995
LOAN_00507,CUST_0282,263529.0,60,STAGE_2,0.0722,0.1305,0.1305,0.315,263529.0,10833.02
LOAN_00508,CUST_0160,414247.45,0,STAGE_1,0.0554,0.0835,0.0835,0.5365,414247.45,18557.35
LOAN_00509,CUST_0156,825228.7,0,STAGE_1,0.0167,0.0751,0.0751,0.3802,825228.7,23562.77
LOAN_00510,CUST_0247,672914.47,0,STAGE_1,0.0111,0.0993,0.0993,0.2781,672914.47,18582.76
LOAN_00511,CUST_0226,988478.89,120,STAGE_3,0.0645,0.4638,0.4638,0.4889,988478.89,224139.39
LOAN_00512,CUST_0196,866771.04,0,STAGE_1,0.0401,0.0638,0.0638,0.4056,866771.04,22429.68
LOAN_00513,CUST_0276,430349.02,0,STAGE_1,0.0473,0.0858,0.0858,0.3008,430349.02,11106.72
LOAN_00514,CUST_0233,934760.87,20,STAGE_1,0.0667,0.0578,0.0578,0.5898,934760.87,31866.41
LOAN_00515,CUST_0241,21119.4,45,STAGE_2,0.008,0.2313,,0.696,21119.4,3399.9
LOAN_00516,CUST_0192,297597.12,0,STAGE_1,0.0624,0.029,0.029,0.6328,297597.12,5461.26
LOAN_00517,CUST_0192,107328.38,0,STAGE_1,0.0784,0.069,0.069,0.6234,107328.38,4616.69
LOAN_00518,CUST_0020,327707.73,20,STAGE_1,0.0496,0.0623,0.0623,0.5413,327707.73,11051.28
LOAN_00519,CUST_0224,577482.38,0,STAGE_1,0.0257,0.078,0.078,0.3131,577482.38,14103.16
LOAN_00520,CUST_0251,693892.53,0,STAGE_1,0.0519,0.076,0.076,0.3094,693892.53,16316.47
LOAN_00521,CUST_0218,64643.58,0,STAGE_1,0.0504,0.0857,0.0857,0.2225,64643.58,1232.64
LOAN_00522,CUST_0015,735480.5,0,STAGE_1,0.0409,0.0932,0.0932,0.366,735480.5,25088.12
LOAN_00523,CUST_0076,468010.25,0,STAGE_1,0.0111,0.0296,0.0296,0.2139,468010.25,2963.18
LOAN_00524,CUST_0007,633218.45,0,STAGE_1,0.0461,0.0216,0.0216,0.348,633218.45,4759.78
LOAN_00525,CUST_0042,665505.35,120,STAGE_3,0.0088,0.5562,0.5562,0.4884,665505.35,180783.25
LOAN_00526,CUST_0273,566099.97,10,STAGE_1,0.0102,0.0135,0.0135,0.5005,566099.97,3825.0
LOAN_00527,CUST_0046,344253.78,90,STAGE_1,0.0355,0.2573,0.2573,0.5574,344253.78,49372.54
LOAN_00528,CUST_0204,296886.65,10,STAGE_1,0.0573,0.0905,,0.5961,296886.65,16016.16
LOAN_00529,CUST_0050,677979.26,20,STAGE_1,0.0759,0.0331,0.0331,0.2006,677979.26,5501.69
LOAN_00530,CUST_0088,275594.79,0,STAGE_1,0.0546,0.0652,0.0652,0.4967,275594.79,8925.09
LOAN_00531,CUST_0258,21162.23,30,STAGE_2,0.0293,0.1931,0.1931,0.4783,21162.23,1954.54
LOAN_00532,CUST_0094,346017.27,0,STAGE_1,0.0121,0.084,0.084,0.6592,346017.27,19159.95
LOAN_00533,CUST_0226,651539.11,0,STAGE_1,0.0352,0.0742,0.0742,0.5899,651539.11,28518.24
LOAN_00534,CUST_0151,122627.53,0,STAGE_1,0.0584,0.0389,0.0389,0.3272,,1560.81
LOAN_00535,CUST_0121,17832.98,10,STAGE_1,0.0688,0.096,0.096,0.4829,17832.98,826.71
LOAN_00536,CUST_0004,516889.02,0,STAGE_1,0.0462,0.0411,0.0411,0.5036,516889.02,10698.55
LOAN_00537,CUST_0004,391782.72,0,STAGE_1,0.0121,0.0349,0.0349,0.2483,391782.72,3395.06
LOAN_00538,CUST_0249,181012.47,120,STAGE_3,0.0383,0.4127,0.4127,0.6368,181012.47,47571.41
LOAN_00539,CUST_0123,995591.06,10,STAGE_1,0.0659,0.0361,0.0361,0.3529,995591.06,12683.52
LOAN_00540,CUST_0183,405690.2,20,STAGE_1,0.0562,0.0349,0.0349,,405690.2,3774.68
LOAN_00541,CUST_0206,634234.28,0,STAGE_1,0.0484,0.0709,0.0709,0.5503,634234.28,24745.46
LOAN_00542,CUST_0272,754704.75,60,STAGE_2,0.0425,0.2041,0.2041,0.5096,754704.75,78496.36
LOAN_00543,CUST_0244,190706.74,0,STAGE_1,0.0263,0.0471,0.0471,,190706.74,4568.39
LOAN_00544,CUST_0165,850709.53,0,STAGE_1,0.0144,0.0965,0.0965,0.254,850709.53,21351.74
LOAN_00545,CUST_0228,481098.61,10,STAGE_1,0.0456,0.0132,0.0132,0.2285,481098.61,1451.09
LOAN_00546,CUST_0179,109956.01,10,STAGE_1,0.0458,0.0272,0.0272,0.5189,109956.01,1551.93
LOAN_00547,CUST_0052,820967.16,0,STAGE_1,0.0424,0.0705,0.0705,0.3262,820967.16,18879.86
LOAN_00548,CUST_0267,311232.05,20,STAGE_1,0.0723,0.0819,0.0819,0.4916,311232.05,12530.84
LOAN_00549,CUST_0255,731570.61,0,STAGE_1,0.0531,0.0493,0.0493,0.295,731570.61,10639.6
LOAN_00550,CUST_0240,703229.58,10,STAGE_1,0.0319,0.0916,0.0916,0.2105,703229.58,13559.53
LOAN_00551,CUST_0124,319194.29,0,STAGE_1,0.0625,0.0717,0.0717,0.3657,319194.29,8369.49
LOAN_00552,CUST_0055,677284.59,0,STAGE_1,0.0617,0.0481,0.0481,0.4061,677284.59,13229.68
LOAN_00553,CUST_0197,935056.27,0,STAGE_1,0.014,0.0605,0.0605,0.6847,935056.27,38734.1
LOAN_00554,CUST_0064,380950.02,0,STAGE_1,0.0304,0.0531,0.0531,0.281,380950.02,5684.19
LOAN_00555,CUST_0171,659811.71,120,STAGE_3,0.0389,0.3419,0.3419,0.4004,659811.71,90326.09
LOAN_00556,CUST_0196,119570.45,60,STAGE_2,0.0361,0.1458,0.1458,0.5298,119570.45,9236.2
LOAN_00557,CUST_0133,444823.25,20,STAGE_1,0.0096,0.0823,0.0823,0.6703,444823.25,24538.98
LOAN_00558,CUST_0097,650521.56,120,STAGE_3,0.0164,0.391,0.391,0.5009,650521.56,127405.88
LOAN_00559,CUST_0001,583827.96,0,STAGE_1,0.0304,0.017,0.017,0.3959,583827.96,3929.34
LOAN_00560,CUST_0217,166847.51,30,STAGE_2,0.0207,0.09,0.09,0.4762,166847.51,7150.75
LOAN_00561,CUST_0114,597253.58,60,STAGE_1,0.0483,0.1387,0.1387,0.6015,597253.58,50827.7
LOAN_00562,CUST_0113,542577.5,0,STAGE_1,0.0474,0.0913,0.0913,0.3982,542577.5,19725.76
LOAN_00563,CUST_0018,299844.17,0,STAGE_1,0.0164,0.0461,0.0461,0.4978,299844.17,6881.0
LOAN_00564,CUST_0294,85212.33,90,STAGE_3,0.0616,0.4346,0.4346,0.6142,85212.33,22745.84
LOAN_00565,CUST_0171,84785.82,10,STAGE_1,0.0523,0.0837,0.0837,0.5917,84785.82,4199.04
LOAN_00566,CUST_0116,280683.9,90,STAGE_2,0.0143,0.5501,0.5501,0.6855,280683.9,105844.09
LOAN_00567,CUST_0082,181267.76,30,STAGE_2,0.008,0.1489,0.1489,0.4581,181267.76,12364.47
LOAN_00568,CUST_0201,582742.0,90,STAGE_3,0.0554,0.3925,0.3925,0.6048,582742.0,138333.63
LOAN_00569,CUST_0202,950780.16,0,STAGE_1,0.0787,0.0132,0.0132,0.6072,950780.16,7620.54
LOAN_00570,CUST_0028,283933.08,0,STAGE_1,0.038,0.0662,0.0662,0.3905,283933.08,7339.98
LOAN_00571,CUST_0071,59292.58,10,STAGE_1,0.0727,0.0414,0.0414,0.3082,59292.58,756.54
LOAN_00572,CUST_0101,445364.46,0,STAGE_1,0.0665,0.0835,,0.494,445364.46,18370.84
LOAN_00573,CUST_0076,356337.37,45,STAGE_2,0.0466,0.2204,0.2204,0.5157,356337.37,40501.41
LOAN_00574,CUST_0183,785483.45,10,STAGE_1,0.0361,0.096,0.096,0.4706,785483.45,35486.26
LOAN_00575,CUST_0174,607064.07,0,STAGE_1,0.0519,0.0593,0.0593,0.2924,607064.07,10526.08
LOAN_00576,CUST_0018,64289.16,20,STAGE_1,0.0623,0.0547,0.0547,0.3134,64289.16,1102.11
LOAN_00577,CUST_0089,668189.37,0,STAGE_1,0.0381,0.0205,0.0205,0.2922,668189.37,4002.52
LOAN_00578,CUST_0046,206282.48,0,STAGE_1,0.0088,0.0428,0.0428,0.4559,206282.48,4025.09
LOAN_00579,CUST_0228,485877.81,0,STAGE_1,0.0679,0.0188,0.0188,0.4528,485877.81,4136.1
LOAN_00580,CUST_0261,66731.21,0,STAGE_1,0.048,0.0588,0.0588,0.639,66731.21,2507.31
LOAN_00581,CUST_0049,560084.31,120,STAGE_3,0.0087,0.2392,0.2392,0.222,560084.31,29741.82
LOAN_00582,CUST_0051,189350.47,10,STAGE_1,0.0534,0.0093,0.0093,0.673,189350.47,1185.13
LOAN_00583,CUST_0208,842954.55,0,STAGE_1,0.0108,0.0211,,0.2635,842954.55,4686.7
LOAN_00584,CUST_0272,127667.36,10,STAGE_1,0.0234,0.039,0.039,0.6948,127667.36,3459.43
LOAN_00585,CUST_0064,685892.68,90,STAGE_3,0.0157,0.3529,0.3529,0.4774,685892.68,115555.4
LOAN_00586,CUST_0003,81374.27,0,STAGE_1,0.0553,0.066,0.066,0.4054,81374.27,2177.28
LOAN_00587,CUST_0106,492195.86,0,STAGE_1,0.0068,0.0369,0.0369,0.2885,492195.86,5239.74
LOAN_00588,CUST_0044,102932.07,120,STAGE_3,0.05,0.4915,0.4915,0.3577,102932.07,18096.44
LOAN_00589,CUST_0001,396181.39,0,STAGE_1,0.0123,0.022,0.022,0.5988,396181.39,5219.14
LOAN_00590,CUST_0151,679158.08,10,STAGE_1,0.0406,0.0926,0.0926,0.2364,679158.08,14867.21
LOAN_00591,CUST_0268,284197.81,0,STAGE_1,0.0637,0.0993,0.0993,0.3203,284197.81,9039.14
LOAN_00592,CUST_0051,874935.8,45,STAGE_2,0.0218,0.1479,0.1479,0.4048,874935.8,51382.34
LOAN_00593,CUST_0069,978329.57,0,STAGE_1,0.0649,0.0367,0.0367,0.5654,978329.57,20300.51
LOAN_00594,CUST_0217,422910.95,10,STAGE_1,0.0674,0.0814,0.0814,0.6332,422910.95,22297.88
LOAN_00595,CUST_0234,64319.24,20,STAGE_1,0.0155,0.0445,0.0445,0.4743,64319.24,1357.54
LOAN_00596,CUST_0275,405725.79,10,STAGE_1,0.0797,0.0178,0.0178,0.5377,405725.79,3883.23
LOAN_00597,CUST_0099,399020.96,0,STAGE_1,0.0169,0.0952,0.0952,0.6398,399020.96,24303.95
LOAN_00598,CUST_0084,907506.75,120,STAGE_3,0.0206,0.3422,0.3422,,907506.75,166019.39
LOAN_00599,CUST_0040,486383.53,0,STAGE_1,0.0318,0.0614,0.0614,0.4878,486383.53,14567.63
LOAN_00600,CUST_0169,165650.54,10,STAGE_1,0.0465,0.0592,0.0592,0.3051,165650.54,2991.97
LOAN_00601,CUST_0116,743560.04,0,STAGE_1,0.0316,0.0791,0.0791,0.4819,743560.04,28343.24
LOAN_00602,CUST_0054,264856.62,20,STAGE_1,0.0476,0.0806,0.0806,0.5675,264856.62,12114.67
LOAN_00603,CUST_0251,612057.38,10,STAGE_1,0.015,0.0298,0.0298,0.4095,612057.38,7469.0
LOAN_00604,CUST_0139,601302.79,10,STAGE_1,0.0266,0.0056,0.0056,0.4481,601302.79,1508.89
LOAN_00605,CUST_0200,289197.86,30,STAGE_2,0.0068,0.1794,0.1794,0.6707,289197.86,34797.32
LOAN_00606,CUST_0207,178537.22,10,STAGE_1,0.0119,0.0644,0.0644,,178537.22,5464.9
LOAN_00607,CUST_0080,410328.7,10,STAGE_1,0.0722,0.0236,0.0236,0.2113,410328.7,2046.18
LOAN_00608,CUST_0190,862356.56,10,STAGE_1,0.0718,0.0617,0.0617,0.6051,862356.56,32195.8
LOAN_00609,CUST_0094,432525.0,30,STAGE_2,0.0735,0.1773,0.1773,0.2904,432525.0,22269.81
LOAN_00610,CUST_0267,272453.63,0,STAGE_1,0.0235,0.0341,0.0341,0.4776,272453.63,4437.22
LOAN_00611,CUST_0045,590051.67,0,STAGE_1,0.0512,0.0127,0.0127,0.2439,590051.67,1827.7
LOAN_00612,CUST_0041,175970.31,10,STAGE_1,0.021,0.0319,0.0319,0.4002,175970.31,1746.5
LOAN_00613,CUST_0147,812806.79,0,STAGE_1,0.0537,0.0685,0.0685,0.5993,812806.79,33367.38
LOAN_00614,CUST_0218,933089.17,0,STAGE_1,0.0165,0.0892,0.0892,0.4293,933089.17,35731.31
LOAN_00615,CUST_0273,566767.69,20,STAGE_1,0.0559,0.0935,0.0935,0.6985,566767.69,37015.46
LOAN_00616,CUST_0004,721556.67,0,STAGE_1,0.071,0.0097,0.0097,0.3155,721556.67,2208.22
LOAN_00617,CUST_0271,897898.79,0,STAGE_1,0.0215,0.0181,0.0181,0.6296,897898.79,10232.24
LOAN_00618,CUST_0269,502557.97,20,STAGE_1,0.0229,0.077,0.077,0.58,502557.97,22444.24
LOAN_00619,CUST_0181,316035.03,0,STAGE_1,0.0207,0.0978,0.0978,0.5228,316035.03,16158.82
LOAN_00620,CUST_0058,934871.16,0,STAGE_1,0.0636,0.0778,0.0778,0.5458,934871.16,39697.66
LOAN_00621,CUST_0061,965810.78,0,STAGE_1,0.0148,0.0688,0.0688,0.5647,,37523.06
LOAN_00622,CUST_0292,577185.27,0,STAGE_1,0.0428,0.0347,0.0347,0.4137,577185.27,8285.72
LOAN_00623,CUST_0264,646992.48,30,STAGE_2,0.0224,0.1489,0.1489,0.3346,646992.48,33234.42
LOAN_00624,CUST_0004,202638.46,45,STAGE_2,0.0732,0.1429,0.1429,,202638.46,16667.67
LOAN_00625,CUST_0096,897510.31,45,STAGE_2,0.0187,0.2426,0.2426,0.3883,897510.31,85546.89
LOAN_00626,CUST_0079,342544.46,0,STAGE_1,0.0415,0.0154,0.0154,,342544.46,1710.74
LOAN_00627,CUST_0129,320357.91,45,STAGE_2,0.0707,0.1314,0.1314,0.6293,320357.91,26490.4
LOAN_00628,CUST_0138,857944.78,30,STAGE_1,0.016,0.1974,0.1974,0.6725,857944.78,113893.46
LOAN_00629,CUST_0223,684127.78,0,STAGE_1,0.0425,0.0663,0.0663,0.4553,684127.78,20151.35
LOAN_00630,CUST_0216,124353.18,0,STAGE_1,0.0652,0.0868,0.0868,0.2687,124353.18,2900.31
LOAN_00631,CUST_0246,952624.82,0,STAGE_1,0.0547,0.0764,0.0764,0.606,952624.82,44105.0
LOAN_00632,CUST_0254,946020.95,0,STAGE_1,0.0694,0.0175,0.0175,0.5525,946020.95,9146.84
LOAN_00633,CUST_0205,743267.84,20,STAGE_1,0.0239,0.0879,0.0879,0.2844,743267.84,18580.77
LOAN_00634,CUST_0057,58366.62,30,STAGE_2,0.0407,0.2243,0.2243,0.3917,,5127.99
LOAN_00635,CUST_0122,172437.2,45,STAGE_1,0.0462,0.1122,0.1122,0.5602,,10838.44
LOAN_00636,CUST_0246,513558.07,20,STAGE_1,0.0396,0.0837,0.0837,0.6148,513558.07,26427.06
LOAN_00637,CUST_0079,710841.88,0,STAGE_1,0.0679,0.0687,0.0687,0.5485,710841.88,26785.91
LOAN_00638,CUST_0135,366167.93,60,STAGE_2,0.0594,0.0991,0.0991,0.4039,366167.93,14656.42
LOAN_00639,CUST_0053,886948.46,0,STAGE_1,0.0771,0.0695,0.0695,0.5157,886948.46,31789.25
LOAN_00640,CUST_0077,274206.46,0,STAGE_1,0.0757,0.0333,0.0333,0.5878,274206.46,5367.25
LOAN_00641,CUST_0075,396156.19,0,STAGE_1,0.0058,0.0567,0.0567,0.6879,396156.19,15451.65
LOAN_00642,CUST_0209,372290.51,0,STAGE_1,0.0308,0.0545,0.0545,0.4203,372290.51,8527.82
LOAN_00643,CUST_0219,880515.05,10,STAGE_1,0.0431,0.0181,0.0181,0.6914,880515.05,11019.06
LOAN_00644,CUST_0138,253723.03,0,STAGE_1,0.0547,0.0616,0.0616,0.4076,253723.03,6370.52
LOAN_00645,CUST_0025,425081.27,45,STAGE_2,0.0197,0.2194,0.2194,0.5244,425081.27,49407.03
LOAN_00646,CUST_0052,421874.92,10,STAGE_1,0.0242,0.0765,0.0765,0.4564,421874.92,14729.59
LOAN_00647,CUST_0058,324250.27,10,STAGE_1,0.0797,0.0463,,0.6603,324250.27,9912.94
LOAN_00648,CUST_0170,348291.76,0,STAGE_1,0.0203,0.0448,0.0448,0.3098,348291.76,4833.96
LOAN_00649,CUST_0191,5225.9,90,STAGE_3,0.0683,0.4969,0.4969,0.2839,5225.9,737.22
LOAN_00650,CUST_0062,124761.76,0,STAGE_1,0.0593,0.0932,0.0932,0.4153,124761.76,4329.02
LOAN_00651,CUST_0280,123544.97,10,STAGE_1,0.0312,0.0406,0.0406,0.5107,123544.97,2561.63
LOAN_00652,CUST_0274,720124.52,0,STAGE_1,0.0077,0.0995,0.0995,0.3164,720124.52,22670.82
LOAN_00653,CUST_0130,58561.37,0,STAGE_1,0.0079,0.0422,0.0422,0.6012,58561.37,1485.74
LOAN_00654,CUST_0178,344538.23,0,STAGE_1,0.0557,0.0533,0.0533,0.6307,344538.23,11582.1
LOAN_00655,CUST_0035,866705.5,0,STAGE_1,0.0634,0.0488,0.0488,0.6944,866705.5,29369.81
LOAN_00656,CUST_0086,485815.92,120,STAGE_3,0.0616,0.2994,0.2994,0.4692,485815.92,68246.68
LOAN_00657,CUST_0098,992174.96,60,STAGE_2,0.0123,0.2001,0.2001,0.3728,992174.96,74013.55
LOAN_00658,CUST_0085,11947.35,0,STAGE_1,0.0226,0.0828,0.0828,0.3687,11947.35,364.73
LOAN_00659,CUST_0140,828386.08,0,STAGE_1,0.0281,0.0279,,0.3168,828386.08,7321.87
LOAN_00660,CUST_0005,72845.69,0,STAGE_1,0.0467,0.0327,0.0327,0.4087,72845.69,973.55
LOAN_00661,CUST_0269,379982.55,60,STAGE_2,0.0729,0.1638,0.1638,0.3651,379982.55,22724.24
LOAN_00662,CUST_0115,111266.7,120,STAGE_1,0.0095,0.3191,0.3191,0.349,111266.7,11891.32
LOAN_00663,CUST_0027,323799.28,0,STAGE_1,0.0637,0.0166,0.0166,0.5175,323799.28,2781.6
LOAN_00664,CUST_0001,128226.8,0,STAGE_1,0.0732,0.0231,0.0231,0.6106,128226.8,1808.62
LOAN_00665,CUST_0282,546907.72,0,STAGE_1,0.0767,0.0285,0.0285,0.6298,546907.72,9816.61
LOAN_00666,CUST_0030,172965.96,60,STAGE_2,0.006,0.167,0.167,0.5847,172965.96,17389.24
LOAN_00667,CUST_0009,935121.54,90,STAGE_3,0.0665,0.5553,0.5553,0.2996,935121.54,155574.19
LOAN_00668,CUST_0196,287763.37,0,STAGE_1,0.0333,0.0424,0.0424,0.4723,287763.37,5762.61
LOAN_00669,CUST_0106,164080.36,20,STAGE_1,0.0176,0.0345,0.0345,0.4517,164080.36,2556.97
LOAN_00670,CUST_0203,797458.36,30,STAGE_2,0.0534,0.1065,0.1065,0.4735,797458.36,40214.03
LOAN_00671,CUST_0048,92009.27,0,STAGE_1,0.036,0.0088,0.0088,0.337,92009.27,272.86
LOAN_00672,CUST_0292,955871.22,120,STAGE_3,0.0314,0.2172,,0.2895,955871.22,60104.61
LOAN_00673,CUST_0202,395256.7,90,STAGE_3,0.0156,0.5054,0.5054,0.2543,395256.7,50799.66
LOAN_00674,CUST_0207,981351.29,0,STAGE_1,0.0631,0.0375,0.0375,0.5138,981351.29,18908.19
LOAN_00675,CUST_0052,196056.0,0,STAGE_1,0.0754,0.0922,,0.6437,196056.0,11635.75
LOAN_00676,CUST_0023,627306.28,45,STAGE_2,0.0102,0.1369,0.1369,0.3569,627306.28,30649.94
LOAN_00677,CUST_0005,637467.1,0,STAGE_1,0.0161,0.0617,0.0617,0.6072,637467.1,23882.22
LOAN_00678,CUST_0044,385212.88,0,STAGE_1,0.0198,0.0276,0.0276,0.3499,385212.88,3720.09
LOAN_00679,CUST_0084,644581.1,20,STAGE_1,0.0572,0.0394,0.0394,0.612,644581.1,15542.66
LOAN_00680,CUST_0137,208067.22,10,STAGE_1,0.0651,0.0221,0.0221,0.2549,208067.22,1172.1
LOAN_00681,CUST_0152,884265.55,0,STAGE_1,0.0563,0.0074,0.0074,0.545,,3566.24
LOAN_00682,CUST_0115,319520.8,0,STAGE_1,0.0507,0.0279,0.0279,0.3934,319520.8,4507.02
LOAN_00683,CUST_0197,85177.91,0,STAGE_1,0.0273,0.0135,0.0135,0.6554,85177.91,753.65
LOAN_00684,CUST_0057,11016.81,10,STAGE_1,0.0142,0.0342,0.0342,0.663,11016.81,249.8
LOAN_00685,CUST_0171,165886.08,120,STAGE_1,0.0204,0.4966,0.4966,0.4733,165886.08,38989.99
LOAN_00686,CUST_0272,885056.33,10,STAGE_1,0.0451,0.0236,0.0236,0.2831,885056.33,5913.2
LOAN_00687,CUST_0155,916906.71,0,STAGE_1,0.0329,0.0772,0.0772,0.3694,916906.71,26148.05
LOAN_00688,CUST_0256,952302.13,30,STAGE_2,0.0498,0.2298,0.2298,0.2248,952302.13,49195.01
LOAN_00689,CUST_0002,260777.38,10,STAGE_1,0.022,0.0757,0.0757,0.6596,260777.38,13021.06
LOAN_00690,CUST_0076,426651.27,0,STAGE_1,0.0771,0.0473,0.0473,0.4445,426651.27,8970.28
LOAN_00691,CUST_0035,354891.62,90,STAGE_1,0.0477,0.5049,0.5049,0.6059,354891.62,108568.06
LOAN_00692,CUST_0198,345139.8,0,STAGE_1,0.0686,0.0395,0.0395,0.597,345139.8,8138.91
LOAN_00693,CUST_0171,941287.36,20,STAGE_1,0.0606,0.0815,0.0815,0.6225,941287.36,47755.04
LOAN_00694,CUST_0282,398078.07,0,STAGE_1,0.0351,0.069,0.069,0.4252,398078.07,11679.13
LOAN_00695,CUST_0197,750218.34,0,STAGE_1,0.0526,0.0227,0.0227,0.5747,750218.34,9787.12
LOAN_00696,CUST_0113,547967.49,0,STAGE_1,0.0269,0.0761,0.0761,,547967.49,18402.35
LOAN_00697,CUST_0009,219951.28,120,STAGE_3,0.0586,0.5829,0.5829,0.4136,219951.28,53027.49
LOAN_00698,CUST_0072,477724.84,60,STAGE_2,0.0444,0.2002,0.2002,0.3261,477724.84,31188.37
LOAN_00699,CUST_0125,449492.84,0,STAGE_1,0.0204,0.0051,0.0051,0.2196,449492.84,503.41
LOAN_00700,CUST_0074,977397.4,0,STAGE_1,0.0547,0.0847,,0.4753,977397.4,39347.98
LOAN_00701,CUST_0055,157378.78,30,STAGE_2,0.05,0.2043,0.2043,0.5849,157378.78,21305.99
LOAN_00702,CUST_0041,975533.32,10,STAGE_1,0.0306,0.0666,,0.2342,975533.32,15216.1
LOAN_00703,CUST_0094,897910.33,0,STAGE_1,0.0296,0.0825,0.0825,0.4987,897910.33,36942.5
LOAN_00704,CUST_0241,396667.34,10,STAGE_1,0.0691,0.0373,0.0373,0.6348,396667.34,9392.31
LOAN_00705,CUST_0147,92693.76,30,STAGE_1,0.0686,0.1109,0.1109,0.4152,92693.76,3268.1499999999996
LOAN_00706,CUST_0203,169672.28,30,STAGE_2,0.0452,0.188,0.188,0.2982,169672.28,9512.1
LOAN_00707,CUST_0293,215687.13,0,STAGE_1,0.0292,0.0582,0.0582,0.629,215687.13,7895.83
LOAN_00708,CUST_0048,668592.81,0,STAGE_1,0.0765,0.0733,0.0733,0.6651,668592.81,32595.12
LOAN_00709,CUST_0029,529950.03,0,STAGE_1,0.009,0.074,0.074,0.2607,529950.03,10223.69
LOAN_00710,CUST_0040,306261.25,10,STAGE_1,0.0473,0.0621,0.0621,0.2831,306261.25,5384.23
LOAN_00711,CUST_0195,382838.72,20,STAGE_1,0.0777,0.0741,0.0741,0.6613,382838.72,18759.99
LOAN_00712,CUST_0056,763401.0,10,STAGE_1,0.0194,0.0683,0.0683,0.5117,763401.0,26680.19
LOAN_00713,CUST_0123,604456.82,10,STAGE_1,0.0446,0.0368,0.0368,0.4597,604456.82,10225.57
LOAN_00714,CUST_0159,201568.13,45,STAGE_2,0.0189,0.0944,0.0944,0.4181,201568.13,7955.62
LOAN_00715,CUST_0292,660015.9,0,STAGE_1,0.0258,0.058,0.058,0.3735,660015.9,14297.92
LOAN_00716,CUST_0162,933203.35,90,STAGE_1,0.0427,0.3312,0.3312,0.5686,933203.35,175741.15
LOAN_00717,CUST_0162,41529.38,10,STAGE_1,0.0302,0.0925,0.0925,0.206,41529.38,791.34
LOAN_00718,CUST_0050,555050.8,30,STAGE_2,0.0414,0.0945,0.0945,0.6862,555050.8,35992.77
LOAN_00719,CUST_0013,520420.38,20,STAGE_1,0.0227,0.0509,0.0509,0.4146,520420.38,10982.5
LOAN_00720,CUST_0149,79521.36,0,STAGE_1,0.0678,0.0278,0.0278,0.2975,79521.36,657.68
LOAN_00721,CUST_0119,507386.89,30,STAGE_2,0.0096,0.1781,0.1781,0.2596,507386.89,23458.91
LOAN_00722,CUST_0257,41278.75,0,STAGE_1,0.0676,0.0162,0.0162,0.2226,41278.75,148.86
LOAN_00723,CUST_0175,440710.39,45,STAGE_2,0.0247,0.1517,0.1517,0.22,440710.39,14708.27
LOAN_00724,CUST_0021,451833.12,10,STAGE_1,0.0478,0.0366,0.0366,0.3578,451833.12,5916.97
LOAN_00725,CUST_0039,111090.5,0,STAGE_1,0.0125,0.0778,0.0778,0.6831,111090.5,5903.92
LOAN_00726,CUST_0008,970224.08,60,STAGE_2,0.0501,0.1991,0.1991,0.3426,970224.08,66180.6
LOAN_00727,CUST_0045,632616.57,10,STAGE_1,0.0412,0.077,0.077,0.341,632616.57,16610.61
LOAN_00728,CUST_0035,321449.41,90,STAGE_3,0.0092,0.3943,0.3943,0.6564,321449.41,83197.06
LOAN_00729,CUST_0243,612311.19,10,STAGE_1,0.0237,0.0376,0.0376,0.626,612311.19,14412.34
LOAN_00730,CUST_0064,561422.04,10,STAGE_1,0.0125,0.0065,0.0065,0.6818,561422.04,2488.05
LOAN_00731,CUST_0210,380101.24,20,STAGE_1,0.011,0.0699,0.0699,0.6663,380101.24,17702.98
LOAN_00732,CUST_0161,577786.93,0,STAGE_1,0.0486,0.0778,0.0778,0.4032,577786.93,18124.58
LOAN_00733,CUST_0022,880438.56,20,STAGE_1,0.0724,0.0642,0.0642,0.2656,880438.56,15012.82
LOAN_00734,CUST_0288,313143.25,0,STAGE_1,0.0732,0.0772,0.0772,0.5382,313143.25,12010.8
LOAN_00735,CUST_0038,304461.49,0,STAGE_1,0.0617,0.05,0.05,0.3129,304461.49,4763.3
LOAN_00736,CUST_0240,618538.87,0,STAGE_1,0.0295,0.0495,0.0495,0.274,618538.87,8389.24
LOAN_00737,CUST_0056,984731.21,0,STAGE_1,0.0148,0.0243,0.0243,0.5845,984731.21,13986.48
LOAN_00738,CUST_0169,428378.13,10,STAGE_1,0.0066,0.0083,0.0083,0.4229,428378.13,2003.64
LOAN_00739,CUST_0244,817571.97,60,STAGE_1,0.0115,0.1715,0.1715,0.6566,817571.97,92064.25
LOAN_00740,CUST_0110,391032.89,45,STAGE_2,0.015,0.239,0.239,0.5757,391032.89,56303.11
LOAN_00741,CUST_0221,941627.72,20,STAGE_1,0.0323,0.0941,0.0941,0.3378,,29931.5
LOAN_00742,CUST_0217,335511.66,30,STAGE_2,0.0624,0.238,0.238,0.3024,335511.66,24147.18
LOAN_00743,CUST_0153,799008.05,30,STAGE_2,0.0098,0.1458,0.1458,0.3414,799008.05,39771.52
LOAN_00744,CUST_0095,307967.97,120,STAGE_2,0.0532,0.4871,0.4871,0.6883,307967.97,103252.71
LOAN_00745,CUST_0179,380315.77,45,STAGE_2,0.0376,0.2278,0.2278,0.2903,380315.77,25150.41
LOAN_00746,CUST_0224,947947.75,0,STAGE_1,0.0295,0.0768,0.0768,0.3969,,28895.27
LOAN_00747,CUST_0102,610170.32,0,STAGE_1,0.0607,0.0267,0.0267,0.2292,610170.32,6234.02
LOAN_00748,CUST_0163,303429.75,10,STAGE_1,0.0176,0.0387,0.0387,0.4,303429.75,5697.09
LOAN_00749,CUST_0209,62104.88,10,STAGE_1,0.0713,0.0194,0.0194,0.4989,62104.88,601.09
LOAN_00750,CUST_0065,666415.51,0,STAGE_1,0.0576,0.044,0.044,0.4523,666415.51,13262.47
LOAN_00751,CUST_0097,12316.28,20,STAGE_1,0.0546,0.0086,0.0086,0.3841,12316.28,40.68
LOAN_00752,CUST_0179,979136.68,0,STAGE_1,0.0426,0.0914,0.0914,0.5586,979136.68,49990.84
LOAN_00753,CUST_0190,584159.78,45,STAGE_2,0.0698,0.1577,0.1577,0.4376,584159.78,40812.59
LOAN_00754,CUST_0234,389120.68,120,STAGE_3,0.0573,0.2333,0.2333,0.6315,389120.68,57328.74
LOAN_00755,CUST_0091,483157.14,0,STAGE_1,0.0462,0.0446,0.0446,0.6389,483157.14,13767.53
LOAN_00756,CUST_0224,207974.63,45,STAGE_2,0.0468,0.0893,0.0893,0.6859,207974.63,12738.63
LOAN_00757,CUST_0051,515052.17,0,STAGE_1,0.0402,0.0865,0.0865,0.3525,515052.17,15704.58
LOAN_00758,CUST_0211,196713.01,0,STAGE_1,0.0273,0.0791,0.0791,0.4358,196713.01,6781.05
LOAN_00759,CUST_0228,231344.2,0,STAGE_1,0.03,0.0943,0.0943,0.3715,231344.2,8104.55
LOAN_00760,CUST_0109,988183.46,10,STAGE_1,0.0184,0.0897,0.0897,0.4302,988183.46,38132.95
LOAN_00761,CUST_0241,711122.99,120,STAGE_3,0.0088,0.2387,0.2387,0.5602,711122.99,95091.18
LOAN_00762,CUST_0203,285415.88,0,STAGE_1,0.008,0.0071,0.0071,0.5872,285415.88,1689.93
LOAN_00763,CUST_0136,138761.26,10,STAGE_1,0.0504,0.0457,0.0457,0.2136,138761.26,1354.52
LOAN_00764,CUST_0003,784584.0,0,STAGE_1,0.0621,0.0899,0.0899,,784584.0,29370.4
LOAN_00765,CUST_0192,537864.76,10,STAGE_1,0.0342,0.0893,0.0893,0.647,537864.76,31076.27
LOAN_00766,CUST_0088,339137.28,20,STAGE_1,0.0745,0.0964,0.0964,0.4545,339137.28,14858.89
LOAN_00767,CUST_0099,455560.68,0,STAGE_1,0.0769,0.0186,0.0186,0.4899,455560.68,4151.13
LOAN_00768,CUST_0220,286137.52,0,STAGE_1,0.0354,0.0999,0.0999,0.2275,286137.52,6503.12
LOAN_00769,CUST_0163,580649.11,0,STAGE_1,0.0166,0.0468,0.0468,0.4552,580649.11,12369.78
LOAN_00770,CUST_0259,262498.45,0,STAGE_1,0.0115,0.0338,0.0338,0.6833,262498.45,6062.54
LOAN_00771,CUST_0134,944983.84,0,STAGE_1,0.0478,0.0914,0.0914,0.2031,944983.84,17542.06
LOAN_00772,CUST_0014,811630.15,90,STAGE_3,0.0118,0.2646,,0.6804,811630.15,146120.89
LOAN_00773,CUST_0041,539852.44,0,STAGE_1,0.0243,0.0477,,0.5465,539852.44,14072.9
LOAN_00774,CUST_0184,734494.58,120,STAGE_3,0.0266,0.4153,0.4153,0.4667,734494.58,142360.11
LOAN_00775,CUST_0194,408617.03,0,STAGE_1,0.0783,0.0861,0.0861,0.4492,408617.03,15803.72
LOAN_00776,CUST_0012,605229.2,0,STAGE_1,0.0458,0.071,0.071,0.4576,605229.2,19663.65
LOAN_00777,CUST_0063,990333.74,20,STAGE_1,0.0328,0.0784,0.0784,0.2852,990333.74,22143.55
LOAN_00778,CUST_0254,387593.23,0,STAGE_1,0.0374,0.0793,0.0793,0.4421,387593.23,13588.45
LOAN_00779,CUST_0012,795044.38,10,STAGE_1,0.0307,0.0819,0.0819,0.3191,795044.38,20777.92
LOAN_00780,CUST_0215,228261.06,10,STAGE_1,0.0246,0.0059,0.0059,0.5241,228261.06,705.83
LOAN_00781,CUST_0093,513538.35,0,STAGE_1,0.0775,0.0593,0.0593,0.6317,513538.35,19237.05
LOAN_00782,CUST_0017,143752.99,10,STAGE_1,0.0701,0.0604,0.0604,0.559,143752.99,4853.62
LOAN_00783,CUST_0280,375183.35,0,STAGE_1,0.0393,0.0425,0.0425,0.6335,375183.35,12601.34
LOAN_00784,CUST_0016,247775.33,120,STAGE_3,0.0769,0.2991,0.2991,0.374,247775.33,27716.99
LOAN_00785,CUST_0016,896077.96,120,STAGE_3,0.0383,0.3284,0.3284,0.463,896077.96,136247.94
LOAN_00786,CUST_0048,689330.36,0,STAGE_1,0.0602,0.0099,0.0099,0.2246,689330.36,1532.75
LOAN_00787,CUST_0254,389356.27,0,STAGE_1,0.0287,0.0516,0.0516,0.3604,389356.27,7240.72
LOAN_00788,CUST_0102,196296.63,0,STAGE_1,0.0781,0.0441,0.0441,0.4224,196296.63,3656.58
LOAN_00789,CUST_0299,578662.27,120,STAGE_3,0.0231,0.4725,0.4725,0.558,578662.27,152567.2
LOAN_00790,CUST_0229,609287.79,0,STAGE_1,0.0558,0.0111,0.0111,0.4981,609287.79,3368.7
LOAN_00791,CUST_0197,740883.27,0,STAGE_1,0.0681,0.0079,0.0079,0.6219,740883.27,3639.97
LOAN_00792,CUST_0033,463027.41,0,STAGE_1,0.015,0.0956,0.0956,0.2363,463027.41,10459.92
LOAN_00793,CUST_0210,203097.95,0,STAGE_1,0.0515,0.0568,0.0568,0.2628,203097.95,3031.65
LOAN_00794,CUST_0181,293279.34,0,STAGE_1,0.021,0.0441,0.0441,0.552,293279.34,7139.36
LOAN_00795,CUST_0096,221365.67,0,STAGE_1,0.0343,0.0978,0.0978,0.6773,221365.67,14663.25
LOAN_00796,CUST_0161,801136.89,0,STAGE_1,0.0101,0.0351,0.0351,,801136.89,9375.18
LOAN_00797,CUST_0239,508396.17,30,STAGE_2,0.0694,0.2236,0.2236,0.3798,508396.17,43174.67
LOAN_00798,CUST_0109,688798.17,0,STAGE_1,0.0096,0.0716,0.0716,0.2049,688798.17,10105.25
LOAN_00799,CUST_0039,412136.67,0,STAGE_1,0.057,0.0778,0.0778,0.352,412136.67,11286.61
LOAN_00800,CUST_0164,812568.88,0,STAGE_1,0.0385,0.0741,0.0741,0.5465,812568.88,32905.5
